YEAR,QUARTER,MONTH,DAY_OF_MONTH,DAY_OF_WEEK,FL_DATE,OP_UNIQUE_CARRIER,OP_CARRIER_FL_NUM,ORIGIN_AIRPORT_ID,ORIGIN,ORIGIN_CITY_NAME,ORIGIN_STATE_ABR,DEST_AIRPORT_ID,DEST,DEST_CITY_NAME,DEST_STATE_ABR,CRS_DEP_TIME,DEP_TIME,DEP_DELAY,DEP_DELAY_NEW,DEP_DEL15,DEP_TIME_BLK,CRS_ARR_TIME,ARR_TIME,ARR_DELAY,ARR_DELAY_NEW,ARR_DEL15,ARR_TIME_BLK,CANCELLED,DIVERTED,CRS_ELAPSED_TIME,ACTUAL_ELAPSED_TIME,AIR_TIME,DISTANCE,DISTANCE_GROUP
2026,1,1,1,4,1/1/2026 12:00:00 AM,AA,1071,14679,SAN,"San Diego, CA",CA,11057,CLT,"Charlotte, NC",NC,615,613.0,-2.0,0.0,0.0,0600-0659,1400,1930.0,,,,1400-1459,0.0,1.0,285.0,,,2077.0,9
2026,1,1,1,4,1/1/2026 12:00:00 AM,AA,1093,13303,MIA,"Miami, FL",FL,12889,LAS,"Las Vegas, NV",NV,1932,1928.0,-4.0,0.0,0.0,1900-1959,2208,928.0,,,,2200-2259,0.0,1.0,336.0,,,2174.0,9
2026,1,1,1,4,1/1/2026 12:00:00 AM,AA,1367,11298,DFW,"Dallas/Fort Worth, TX",TX,10529,BDL,"Hartford, CT",CT,1312,1307.0,-5.0,0.0,0.0,1300-1359,1735,2031.0,,,,1700-1759,0.0,1.0,203.0,,,1471.0,6
2026,1,1,1,4,1/1/2026 12:00:00 AM,AA,1610,11057,CLT,"Charlotte, NC",NC,12889,LAS,"Las Vegas, NV",NV,1829,2041.0,132.0,132.0,1.0,1800-1859,2020,219.0,,,,2000-2059,0.0,1.0,291.0,,,1916.0,8
2026,1,1,1,4,1/1/2026 12:00:00 AM,AA,1797,11298,DFW,"Dallas/Fort Worth, TX",TX,12889,LAS,"Las Vegas, NV",NV,2042,2108.0,26.0,26.0,1.0,2000-2059,2141,126.0,,,,2100-2159,0.0,1.0,179.0,,,1055.0,5
2026,1,1,1,4,1/1/2026 12:00:00 AM,AA,1954,11057,CLT,"Charlotte, NC",NC,14679,SAN,"San Diego, CA",CA,855,853.0,-2.0,0.0,0.0,0800-0859,1105,1405.0,,,,1100-1159,0.0,1.0,310.0,,,2077.0,9
2026,1,1,1,4,1/1/2026 12:00:00 AM,AA,2057,14107,PHX,"Phoenix, AZ",AZ,14679,SAN,"San Diego, CA",CA,825,819.0,-6.0,0.0,0.0,0800-0859,848,1427.0,,,,0800-0859,0.0,1.0,83.0,,,304.0,2
2026,1,1,1,4,1/1/2026 12:00:00 AM,AA,2311,13930,ORD,"Chicago, IL",IL,12889,LAS,"Las Vegas, NV",NV,1855,2006.0,71.0,71.0,1.0,1800-1859,2102,48.0,,,,2100-2159,0.0,1.0,247.0,,,1514.0,7
2026,1,1,1,4,1/1/2026 12:00:00 AM,AA,2685,13303,MIA,"Miami, FL",FL,14679,SAN,"San Diego, CA",CA,858,851.0,-7.0,0.0,0.0,0800-0859,1153,1624.0,,,,1100-1159,0.0,1.0,355.0,,,2267.0,10
2026,1,1,1,4,1/1/2026 12:00:00 AM,AA,2722,14100,PHL,"Philadelphia, PA",PA,14679,SAN,"San Diego, CA",CA,837,833.0,-4.0,0.0,0.0,0800-0859,1139,1744.0,,,,1100-1159,0.0,1.0,362.0,,,2370.0,10
2026,1,1,1,4,1/1/2026 12:00:00 AM,AA,2760,10721,BOS,"Boston, MA",MA,12892,LAX,"Los Angeles, CA",CA,1759,127.0,448.0,448.0,1.0,1700-1759,2126,747.0,,,,2100-2159,0.0,1.0,387.0,,,2611.0,11
2026,1,1,1,4,1/1/2026 12:00:00 AM,AA,3126,11298,DFW,"Dallas/Fort Worth, TX",TX,14679,SAN,"San Diego, CA",CA,825,821.0,-4.0,0.0,0.0,0800-0859,949,1524.0,,,,0900-0959,0.0,1.0,204.0,,,1171.0,5
2026,1,1,1,4,1/1/2026 12:00:00 AM,AA,3323,13930,ORD,"Chicago, IL",IL,12889,LAS,"Las Vegas, NV",NV,2047,2053.0,6.0,6.0,0.0,2000-2059,2257,134.0,,,,2200-2259,0.0,1.0,250.0,,,1514.0,7
2026,1,1,1,4,1/1/2026 12:00:00 AM,AA,468,11298,DFW,"Dallas/Fort Worth, TX",TX,12889,LAS,"Las Vegas, NV",NV,2241,2306.0,25.0,25.0,1.0,2200-2259,2337,623.0,,,,2300-2359,0.0,1.0,176.0,,,1055.0,5
2026,1,1,1,4,1/1/2026 12:00:00 AM,AA,818,11298,DFW,"Dallas/Fort Worth, TX",TX,12889,LAS,"Las Vegas, NV",NV,2155,2225.0,30.0,30.0,1.0,2100-2159,2250,908.0,,,,2200-2259,0.0,1.0,175.0,,,1055.0,5
2026,1,1,1,4,1/1/2026 12:00:00 AM,AS,1456,10721,BOS,"Boston, MA",MA,14679,SAN,"San Diego, CA",CA,630,641.0,11.0,11.0,0.0,0600-0659,1000,1543.0,,,,1000-1059,0.0,1.0,390.0,,,2588.0,11
2026,1,1,1,4,1/1/2026 12:00:00 AM,AS,232,14679,SAN,"San Diego, CA",CA,13830,OGG,"Kahului, HI",HI,1025,1021.0,-4.0,0.0,0.0,1000-1059,1452,1641.0,,,,1400-1459,0.0,1.0,387.0,,,2540.0,11
2026,1,1,1,4,1/1/2026 12:00:00 AM,AS,768,14747,SEA,"Seattle, WA",WA,12889,LAS,"Las Vegas, NV",NV,1850,2006.0,76.0,76.0,1.0,1800-1859,2123,128.0,,,,2100-2159,0.0,1.0,153.0,,,867.0,4
2026,1,1,1,4,1/1/2026 12:00:00 AM,B6,160,11697,FLL,"Fort Lauderdale, FL",FL,10529,BDL,"Hartford, CT",CT,810,823.0,13.0,13.0,0.0,0800-0859,1108,1440.0,,,,1100-1159,0.0,1.0,178.0,,,1173.0,5
2026,1,1,1,4,1/1/2026 12:00:00 AM,B6,177,10721,BOS,"Boston, MA",MA,12889,LAS,"Las Vegas, NV",NV,1803,1954.0,111.0,111.0,1.0,1800-1859,2114,326.0,,,,2100-2159,0.0,1.0,371.0,,,2381.0,10
2026,1,1,1,4,1/1/2026 12:00:00 AM,DL,1662,14869,SLC,"Salt Lake City, UT",UT,12889,LAS,"Las Vegas, NV",NV,2145,2143.0,-2.0,0.0,0.0,2100-2159,2225,1207.0,,,,2200-2259,0.0,1.0,100.0,,,368.0,2
2026,1,1,1,4,1/1/2026 12:00:00 AM,DL,2508,14747,SEA,"Seattle, WA",WA,14679,SAN,"San Diego, CA",CA,715,710.0,-5.0,0.0,0.0,0700-0759,1011,1410.0,,,,1000-1059,0.0,1.0,176.0,,,1050.0,5
2026,1,1,1,4,1/1/2026 12:00:00 AM,DL,403,12478,JFK,"New York, NY",NY,12889,LAS,"Las Vegas, NV",NV,1125,1141.0,16.0,16.0,1.0,1100-1159,1419,1552.0,,,,1400-1459,0.0,1.0,354.0,,,2248.0,9
2026,1,1,1,4,1/1/2026 12:00:00 AM,DL,492,11433,DTW,"Detroit, MI",MI,14679,SAN,"San Diego, CA",CA,843,910.0,27.0,27.0,1.0,0800-0859,1042,1610.0,,,,1000-1059,0.0,1.0,299.0,,,1956.0,8
2026,1,1,1,4,1/1/2026 12:00:00 AM,DL,725,10397,ATL,"Atlanta, GA",GA,14679,SAN,"San Diego, CA",CA,826,833.0,7.0,7.0,0.0,0800-0859,1015,1435.0,,,,1000-1059,0.0,1.0,289.0,,,1892.0,8
2026,1,1,1,4,1/1/2026 12:00:00 AM,DL,825,10397,ATL,"Atlanta, GA",GA,12889,LAS,"Las Vegas, NV",NV,2039,2136.0,57.0,57.0,1.0,2000-2059,2210,201.0,,,,2200-2259,0.0,1.0,271.0,,,1747.0,7
2026,1,1,1,4,1/1/2026 12:00:00 AM,F9,3923,10397,ATL,"Atlanta, GA",GA,12889,LAS,"Las Vegas, NV",NV,1959,2115.0,76.0,76.0,1.0,1900-1959,2152,952.0,,,,2100-2159,0.0,1.0,293.0,,,1747.0,7
2026,1,1,1,4,1/1/2026 12:00:00 AM,G4,353,14112,PIE,"St. Petersburg, FL",FL,10693,BNA,"Nashville, TN",TN,2039,2019.0,-20.0,0.0,0.0,2000-2059,2134,2312.0,,,,2100-2159,0.0,1.0,115.0,,,612.0,3
2026,1,1,1,4,1/1/2026 12:00:00 AM,MQ,4193,13930,ORD,"Chicago, IL",IL,10849,BZN,"Bozeman, MT",MT,825,836.0,11.0,11.0,0.0,0800-0859,1109,1639.0,,,,1100-1159,0.0,1.0,224.0,,,1185.0,5
2026,1,1,1,4,1/1/2026 12:00:00 AM,OO,3293,10423,AUS,"Austin, TX",TX,14679,SAN,"San Diego, CA",CA,600,611.0,11.0,11.0,0.0,0600-0659,726,,,,,0700-0759,0.0,1.0,206.0,,,1164.0,5
2026,1,1,1,4,1/1/2026 12:00:00 AM,OO,3295,14698,SBP,"San Luis Obispo, CA",CA,14679,SAN,"San Diego, CA",CA,600,546.0,-14.0,0.0,0.0,0600-0659,722,,,,,0700-0759,0.0,1.0,82.0,,,263.0,2
2026,1,1,1,4,1/1/2026 12:00:00 AM,OO,3315,15023,STS,"Santa Rosa, CA",CA,14679,SAN,"San Diego, CA",CA,645,640.0,-5.0,0.0,0.0,0600-0659,837,,,,,0800-0859,0.0,1.0,112.0,,,508.0,3
2026,1,1,1,4,1/1/2026 12:00:00 AM,OO,3402,11638,FAT,"Fresno, CA",CA,14679,SAN,"San Diego, CA",CA,600,552.0,-8.0,0.0,0.0,0600-0659,723,1435.0,,,,0700-0759,0.0,1.0,83.0,,,314.0,2
2026,1,1,1,4,1/1/2026 12:00:00 AM,OO,3678,10713,BOI,"Boise, ID",ID,14747,SEA,"Seattle, WA",WA,730,832.0,62.0,62.0,1.0,0700-0759,824,1219.0,,,,0800-0859,0.0,1.0,114.0,,,399.0,2
2026,1,1,1,4,1/1/2026 12:00:00 AM,OO,3967,12889,LAS,"Las Vegas, NV",NV,14679,SAN,"San Diego, CA",CA,800,752.0,-8.0,0.0,0.0,0800-0859,919,1407.0,,,,0900-0959,0.0,1.0,79.0,,,258.0,2
2026,1,1,1,4,1/1/2026 12:00:00 AM,OO,4815,14107,PHX,"Phoenix, AZ",AZ,14794,SGU,"St. George, UT",UT,2252,2338.0,46.0,46.0,1.0,2200-2259,14,1405.0,,,,0001-0559,0.0,1.0,82.0,,,262.0,2
2026,1,1,1,4,1/1/2026 12:00:00 AM,OO,4895,11292,DEN,"Denver, CO",CO,12892,LAX,"Los Angeles, CA",CA,2011,2001.0,-10.0,0.0,0.0,2000-2059,2152,2342.0,,,,2100-2159,0.0,1.0,161.0,,,862.0,4
2026,1,1,1,4,1/1/2026 12:00:00 AM,OO,4897,12892,LAX,"Los Angeles, CA",CA,12441,JAC,"Jackson, WY",WY,833,851.0,18.0,18.0,1.0,0800-0859,1205,1906.0,,,,1200-1259,0.0,1.0,152.0,,,784.0,4
2026,1,1,1,4,1/1/2026 12:00:00 AM,OO,4949,11298,DFW,"Dallas/Fort Worth, TX",TX,11413,DRO,"Durango, CO",CO,1025,1020.0,-5.0,0.0,0.0,1000-1059,1156,1449.0,,,,1100-1159,0.0,1.0,151.0,,,674.0,3
2026,1,1,1,4,1/1/2026 12:00:00 AM,OO,4979,14107,PHX,"Phoenix, AZ",AZ,11695,FLG,"Flagstaff, AZ",AZ,1439,1444.0,5.0,5.0,0.0,1400-1459,1535,1840.0,,,,1500-1559,0.0,1.0,56.0,,,119.0,1
2026,1,1,1,4,1/1/2026 12:00:00 AM,OO,5463,11292,DEN,"Denver, CO",CO,16869,XWA,"Williston, ND",ND,1436,1432.0,-4.0,0.0,0.0,1400-1459,1743,,,,,1700-1759,0.0,1.0,127.0,,,582.0,3
2026,1,1,1,4,1/1/2026 12:00:00 AM,OO,6338,13930,ORD,"Chicago, IL",IL,15041,SUN,"Sun Valley/Hailey/Ketchum, ID",ID,947,943.0,-4.0,0.0,0.0,0900-0959,1239,,,,,1200-1259,0.0,1.0,232.0,,,1341.0,6
2026,1,1,1,4,1/1/2026 12:00:00 AM,OO,6441,14107,PHX,"Phoenix, AZ",AZ,13264,MFR,"Medford, OR",OR,1839,806.0,807.0,807.0,1.0,1800-1859,2020,1335.0,,,,2000-2059,0.0,1.0,161.0,,,855.0,4
2026,1,1,1,4,1/1/2026 12:00:00 AM,OO,6488,14107,PHX,"Phoenix, AZ",AZ,15041,SUN,"Sun Valley/Hailey/Ketchum, ID",ID,1804,1905.0,61.0,61.0,1.0,1800-1859,2025,1017.0,,,,2000-2059,0.0,1.0,141.0,,,705.0,3
2026,1,1,1,4,1/1/2026 12:00:00 AM,UA,1805,11292,DEN,"Denver, CO",CO,12173,HNL,"Honolulu, HI",HI,1605,2229.0,384.0,384.0,1.0,1600-1659,2042,505.0,,,,2000-2059,0.0,1.0,457.0,,,3365.0,11
2026,1,1,1,4,1/1/2026 12:00:00 AM,UA,1969,13930,ORD,"Chicago, IL",IL,14679,SAN,"San Diego, CA",CA,710,707.0,-3.0,0.0,0.0,0700-0759,944,1440.0,,,,0900-0959,0.0,1.0,274.0,,,1723.0,7
2026,1,1,1,4,1/1/2026 12:00:00 AM,UA,1995,14771,SFO,"San Francisco, CA",CA,12889,LAS,"Las Vegas, NV",NV,1900,2101.0,121.0,121.0,1.0,1900-1959,2042,633.0,,,,2000-2059,0.0,1.0,102.0,,,414.0,2
2026,1,1,1,4,1/1/2026 12:00:00 AM,UA,2149,11618,EWR,"Newark, NJ",NJ,14679,SAN,"San Diego, CA",CA,605,650.0,45.0,45.0,1.0,0600-0659,919,1731.0,,,,0900-0959,0.0,1.0,374.0,,,2425.0,10
2026,1,1,1,4,1/1/2026 12:00:00 AM,UA,2309,11292,DEN,"Denver, CO",CO,14679,SAN,"San Diego, CA",CA,805,759.0,-6.0,0.0,0.0,0800-0859,939,1348.0,,,,0900-0959,0.0,1.0,154.0,,,853.0,4
2026,1,1,1,4,1/1/2026 12:00:00 AM,UA,2490,11618,EWR,"Newark, NJ",NJ,12889,LAS,"Las Vegas, NV",NV,1659,1946.0,167.0,167.0,1.0,1600-1659,1939,135.0,,,,1900-1959,0.0,1.0,340.0,,,2227.0,9
2026,1,1,1,4,1/1/2026 12:00:00 AM,UA,2491,12266,IAH,"Houston, TX",TX,14679,SAN,"San Diego, CA",CA,930,928.0,-2.0,0.0,0.0,0900-0959,1105,1504.0,,,,1100-1159,0.0,1.0,215.0,,,1303.0,6
2026,1,1,1,4,1/1/2026 12:00:00 AM,WN,1067,14107,PHX,"Phoenix, AZ",AZ,12889,LAS,"Las Vegas, NV",NV,2140,2207.0,27.0,27.0,1.0,2100-2159,2105,19.0,,,,2100-2159,0.0,1.0,-64.0,,,255.0,2
2026,1,1,1,4,1/1/2026 12:00:00 AM,WN,1335,14831,SJC,"San Jose, CA",CA,14679,SAN,"San Diego, CA",CA,800,754.0,-6.0,0.0,0.0,0800-0859,925,,,,,0900-0959,0.0,1.0,85.0,,,417.0,2
2026,1,1,1,4,1/1/2026 12:00:00 AM,WN,1680,12173,HNL,"Honolulu, HI",HI,14831,SJC,"San Jose, CA",CA,815,1249.0,274.0,274.0,1.0,0800-0859,1525,2322.0,,,,1500-1559,0.0,1.0,310.0,,,2417.0,10
2026,1,1,1,4,1/1/2026 12:00:00 AM,WN,1899,14683,SAT,"San Antonio, TX",TX,14679,SAN,"San Diego, CA",CA,740,737.0,-3.0,0.0,0.0,0700-0759,845,1504.0,,,,0800-0859,0.0,1.0,185.0,,,1129.0,5
2026,1,1,1,4,1/1/2026 12:00:00 AM,WN,1900,10821,BWI,"Baltimore, MD",MD,14679,SAN,"San Diego, CA",CA,700,700.0,0.0,0.0,0.0,0700-0759,945,1443.0,,,,0900-0959,0.0,1.0,345.0,,,2295.0,10
2026,1,1,1,4,1/1/2026 12:00:00 AM,WN,2153,11259,DAL,"Dallas, TX",TX,14679,SAN,"San Diego, CA",CA,745,744.0,-1.0,0.0,0.0,0700-0759,900,,,,,0900-0959,0.0,1.0,195.0,,,1182.0,5
2026,1,1,1,4,1/1/2026 12:00:00 AM,WN,2172,11259,DAL,"Dallas, TX",TX,12889,LAS,"Las Vegas, NV",NV,1900,2210.0,190.0,190.0,1.0,1900-1959,1955,,,,,1900-1959,0.0,1.0,175.0,,,1067.0,5
2026,1,1,1,4,1/1/2026 12:00:00 AM,WN,2329,11259,DAL,"Dallas, TX",TX,12889,LAS,"Las Vegas, NV",NV,2040,2127.0,47.0,47.0,1.0,2000-2059,2140,,,,,2100-2159,0.0,1.0,180.0,,,1067.0,5
2026,1,1,1,4,1/1/2026 12:00:00 AM,WN,2330,10821,BWI,"Baltimore, MD",MD,12889,LAS,"Las Vegas, NV",NV,1915,2035.0,80.0,80.0,1.0,1900-1959,2140,,,,,2100-2159,0.0,1.0,325.0,,,2106.0,9
2026,1,1,1,4,1/1/2026 12:00:00 AM,WN,2339,10423,AUS,"Austin, TX",TX,12889,LAS,"Las Vegas, NV",NV,1930,2123.0,113.0,113.0,1.0,1900-1959,2030,146.0,,,,2000-2059,0.0,1.0,180.0,,,1090.0,5
2026,1,1,1,4,1/1/2026 12:00:00 AM,WN,2391,14107,PHX,"Phoenix, AZ",AZ,14679,SAN,"San Diego, CA",CA,810,807.0,-3.0,0.0,0.0,0800-0859,825,,,,,0800-0859,0.0,1.0,75.0,,,304.0,2
2026,1,1,1,4,1/1/2026 12:00:00 AM,WN,240,10140,ABQ,"Albuquerque, NM",NM,14679,SAN,"San Diego, CA",CA,805,759.0,-6.0,0.0,0.0,0800-0859,905,,,,,0900-0959,0.0,1.0,120.0,,,628.0,3
2026,1,1,1,4,1/1/2026 12:00:00 AM,WN,2455,11638,FAT,"Fresno, CA",CA,14679,SAN,"San Diego, CA",CA,810,806.0,-4.0,0.0,0.0,0800-0859,925,,,,,0900-0959,0.0,1.0,75.0,,,314.0,2
2026,1,1,1,4,1/1/2026 12:00:00 AM,WN,2539,13495,MSY,"New Orleans, LA",LA,14679,SAN,"San Diego, CA",CA,710,708.0,-2.0,0.0,0.0,0700-0759,920,1427.0,,,,0900-0959,0.0,1.0,250.0,,,1600.0,7
2026,1,1,1,4,1/1/2026 12:00:00 AM,WN,2616,11292,DEN,"Denver, CO",CO,14679,SAN,"San Diego, CA",CA,640,633.0,-7.0,0.0,0.0,0600-0659,815,1330.0,,,,0800-0859,0.0,1.0,155.0,,,853.0,4
2026,1,1,1,4,1/1/2026 12:00:00 AM,WN,2950,10693,BNA,"Nashville, TN",TN,12889,LAS,"Las Vegas, NV",NV,2045,2103.0,18.0,18.0,1.0,2000-2059,2300,141.0,,,,2300-2359,0.0,1.0,255.0,,,1587.0,7
2026,1,1,1,4,1/1/2026 12:00:00 AM,WN,2984,12191,HOU,"Houston, TX",TX,14679,SAN,"San Diego, CA",CA,800,757.0,-3.0,0.0,0.0,0800-0859,930,1416.0,,,,0900-0959,0.0,1.0,210.0,,,1313.0,6
2026,1,1,1,4,1/1/2026 12:00:00 AM,WN,3057,10693,BNA,"Nashville, TN",TN,12892,LAX,"Los Angeles, CA",CA,2040,2102.0,22.0,22.0,1.0,2000-2059,2325,130.0,,,,2300-2359,0.0,1.0,285.0,,,1798.0,8
2026,1,1,1,4,1/1/2026 12:00:00 AM,WN,3138,14893,SMF,"Sacramento, CA",CA,14679,SAN,"San Diego, CA",CA,645,757.0,72.0,72.0,1.0,0600-0659,935,1451.0,,,,0900-0959,0.0,1.0,110.0,,,480.0,2
2026,1,1,1,4,1/1/2026 12:00:00 AM,WN,3172,14831,SJC,"San Jose, CA",CA,14679,SAN,"San Diego, CA",CA,630,625.0,-5.0,0.0,0.0,0600-0659,755,,,,,0700-0759,0.0,1.0,85.0,,,417.0,2
2026,1,1,1,4,1/1/2026 12:00:00 AM,WN,3187,10693,BNA,"Nashville, TN",TN,14679,SAN,"San Diego, CA",CA,745,801.0,16.0,16.0,1.0,0700-0759,1020,1652.0,,,,1000-1059,0.0,1.0,275.0,,,1751.0,8
2026,1,1,1,4,1/1/2026 12:00:00 AM,WN,4192,14570,RNO,"Reno, NV",NV,14679,SAN,"San Diego, CA",CA,745,739.0,-6.0,0.0,0.0,0700-0759,930,,,,,0900-0959,0.0,1.0,105.0,,,488.0,2
2026,1,1,1,4,1/1/2026 12:00:00 AM,WN,4205,15016,STL,"St. Louis, MO",MO,12889,LAS,"Las Vegas, NV",NV,2025,2130.0,65.0,65.0,1.0,2000-2059,2200,232.0,,,,2200-2259,0.0,1.0,215.0,,,1371.0,6
2026,1,1,1,4,1/1/2026 12:00:00 AM,WN,4433,12889,LAS,"Las Vegas, NV",NV,14679,SAN,"San Diego, CA",CA,725,743.0,18.0,18.0,1.0,0700-0759,835,,,,,0800-0859,0.0,1.0,70.0,,,258.0,2
2026,1,1,1,4,1/1/2026 12:00:00 AM,WN,4489,12191,HOU,"Houston, TX",TX,12889,LAS,"Las Vegas, NV",NV,2040,2140.0,60.0,60.0,1.0,2000-2059,2200,,,,,2200-2259,0.0,1.0,200.0,,,1235.0,5
2026,1,1,1,4,1/1/2026 12:00:00 AM,WN,664,11292,DEN,"Denver, CO",CO,14679,SAN,"San Diego, CA",CA,800,832.0,32.0,32.0,1.0,0800-0859,930,1528.0,,,,0900-0959,0.0,1.0,150.0,,,853.0,4
2026,1,1,1,4,1/1/2026 12:00:00 AM,WN,745,13232,MDW,"Chicago, IL",IL,12889,LAS,"Las Vegas, NV",NV,2020,2128.0,68.0,68.0,1.0,2000-2059,2215,158.0,,,,2200-2259,0.0,1.0,235.0,,,1521.0,7
2026,1,1,1,4,1/1/2026 12:00:00 AM,WN,761,10423,AUS,"Austin, TX",TX,14679,SAN,"San Diego, CA",CA,815,807.0,-8.0,0.0,0.0,0800-0859,930,1434.0,,,,0900-0959,0.0,1.0,195.0,,,1164.0,5
2026,1,1,1,4,1/1/2026 12:00:00 AM,WN,989,13204,MCO,"Orlando, FL",FL,12889,LAS,"Las Vegas, NV",NV,1800,2006.0,126.0,126.0,1.0,1800-1859,2015,,,,,2000-2059,0.0,1.0,315.0,,,2039.0,9
2026,1,1,1,4,1/1/2026 12:00:00 AM,YX,4400,13930,ORD,"Chicago, IL",IL,12953,LGA,"New York, NY",NY,615,610.0,-5.0,0.0,0.0,0600-0659,932,1252.0,,,,0900-0959,0.0,1.0,137.0,,,733.0,3
2026,1,1,2,5,1/2/2026 12:00:00 AM,AA,1147,14679,SAN,"San Diego, CA",CA,14100,PHL,"Philadelphia, PA",PA,2248,2252.0,4.0,4.0,0.0,2200-2259,658,758.0,,,,0600-0659,0.0,1.0,310.0,,,2370.0,10
2026,1,1,2,5,1/2/2026 12:00:00 AM,AA,2009,13303,MIA,"Miami, FL",FL,12478,JFK,"New York, NY",NY,805,804.0,-1.0,0.0,0.0,0800-0859,1100,1705.0,,,,1100-1159,0.0,1.0,175.0,,,1089.0,5
2026,1,1,2,5,1/2/2026 12:00:00 AM,AA,2571,13930,ORD,"Chicago, IL",IL,14843,SJU,"San Juan, PR",PR,2225,2224.0,-1.0,0.0,0.0,2200-2259,500,,,,,0001-0559,0.0,1.0,275.0,,,2072.0,9
2026,1,1,2,5,1/2/2026 12:00:00 AM,AA,456,11298,DFW,"Dallas/Fort Worth, TX",TX,14843,SJU,"San Juan, PR",PR,2259,2315.0,16.0,16.0,1.0,2200-2259,534,,,,,0001-0559,0.0,1.0,275.0,,,2165.0,9
2026,1,1,2,5,1/2/2026 12:00:00 AM,AS,1158,12173,HNL,"Honolulu, HI",HI,12758,KOA,"Kona, HI",HI,630,625.0,-5.0,0.0,0.0,0600-0659,718,832.0,,,,0700-0759,0.0,1.0,48.0,,,163.0,1
2026,1,1,2,5,1/2/2026 12:00:00 AM,AS,167,14747,SEA,"Seattle, WA",WA,11630,FAI,"Fairbanks, AK",AK,1938,2040.0,62.0,62.0,1.0,1900-1959,2226,322.0,,,,2200-2259,0.0,1.0,228.0,,,1533.0,7
2026,1,1,2,5,1/2/2026 12:00:00 AM,AS,232,14679,SAN,"San Diego, CA",CA,13830,OGG,"Kahului, HI",HI,1025,1047.0,22.0,22.0,1.0,1000-1059,1452,1630.0,,,,1400-1459,0.0,1.0,387.0,,,2540.0,11
2026,1,1,2,5,1/2/2026 12:00:00 AM,AS,357,10721,BOS,"Boston, MA",MA,14771,SFO,"San Francisco, CA",CA,1923,2004.0,41.0,41.0,1.0,1900-1959,2310,219.0,,,,2300-2359,0.0,1.0,407.0,,,2704.0,11
2026,1,1,2,5,1/2/2026 12:00:00 AM,AS,36,14679,SAN,"San Diego, CA",CA,12478,JFK,"New York, NY",NY,2159,2314.0,75.0,75.0,1.0,2100-2159,629,903.0,,,,0600-0659,0.0,1.0,330.0,,,2446.0,10
2026,1,1,2,5,1/2/2026 12:00:00 AM,AS,418,13198,MCI,"Kansas City, MO",MO,14747,SEA,"Seattle, WA",WA,1538,1536.0,-2.0,0.0,0.0,1500-1559,1747,1956.0,,,,1700-1759,0.0,1.0,249.0,,,1490.0,6
2026,1,1,2,5,1/2/2026 12:00:00 AM,F9,2504,12892,LAX,"Los Angeles, CA",CA,12478,JFK,"New York, NY",NY,2201,2159.0,-2.0,0.0,0.0,2200-2259,630,830.0,,,,0600-0659,0.0,1.0,329.0,,,2475.0,10
2026,1,1,2,5,1/2/2026 12:00:00 AM,G4,78,14908,SNA,"Santa Ana, CA",CA,10713,BOI,"Boise, ID",ID,1753,1748.0,-5.0,0.0,0.0,1700-1759,2101,907.0,,,,2100-2159,0.0,1.0,128.0,,,688.0,3
2026,1,1,2,5,1/2/2026 12:00:00 AM,OO,3314,12889,LAS,"Las Vegas, NV",NV,14679,SAN,"San Diego, CA",CA,1200,1219.0,19.0,19.0,1.0,1200-1259,1326,1605.0,,,,1300-1359,0.0,1.0,86.0,,,258.0,2
2026,1,1,2,5,1/2/2026 12:00:00 AM,OO,3440,14908,SNA,"Santa Ana, CA",CA,14771,SFO,"San Francisco, CA",CA,1110,1110.0,0.0,0.0,0.0,1100-1159,1256,,,,,1200-1259,0.0,1.0,106.0,,,372.0,2
2026,1,1,2,5,1/2/2026 12:00:00 AM,OO,3806,14869,SLC,"Salt Lake City, UT",UT,13264,MFR,"Medford, OR",OR,1050,1043.0,-7.0,0.0,0.0,1000-1059,1155,1420.0,,,,1100-1159,0.0,1.0,125.0,,,575.0,3
2026,1,1,2,5,1/2/2026 12:00:00 AM,OO,3811,14747,SEA,"Seattle, WA",WA,13264,MFR,"Medford, OR",OR,1120,1122.0,2.0,2.0,0.0,1100-1159,1254,1559.0,,,,1200-1259,0.0,1.0,94.0,,,352.0,2
2026,1,1,2,5,1/2/2026 12:00:00 AM,OO,4011,10397,ATL,"Atlanta, GA",GA,10372,ASE,"Aspen, CO",CO,940,1114.0,94.0,94.0,1.0,0900-0959,1139,1520.0,,,,1100-1159,0.0,1.0,239.0,,,1304.0,6
2026,1,1,2,5,1/2/2026 12:00:00 AM,OO,4317,14869,SLC,"Salt Lake City, UT",UT,11525,EKO,"Elko, NV",NV,2130,2128.0,-2.0,0.0,0.0,2100-2159,2140,702.0,,,,2100-2159,0.0,1.0,70.0,,,200.0,1
2026,1,1,2,5,1/2/2026 12:00:00 AM,OO,4674,11292,DEN,"Denver, CO",CO,14457,RAP,"Rapid City, SD",SD,1000,1242.0,162.0,162.0,1.0,1000-1059,1132,2034.0,,,,1100-1159,0.0,1.0,92.0,,,301.0,2
2026,1,1,2,5,1/2/2026 12:00:00 AM,OO,5414,11292,DEN,"Denver, CO",CO,13264,MFR,"Medford, OR",OR,1115,1116.0,1.0,1.0,0.0,1100-1159,1325,1556.0,,,,1300-1359,0.0,1.0,190.0,,,964.0,4
2026,1,1,2,5,1/2/2026 12:00:00 AM,OO,5553,12892,LAX,"Los Angeles, CA",CA,10372,ASE,"Aspen, CO",CO,923,916.0,-7.0,0.0,0.0,0900-0959,1309,,,,,1300-1359,0.0,1.0,166.0,,,737.0,3
2026,1,1,2,5,1/2/2026 12:00:00 AM,OO,5724,14771,SFO,"San Francisco, CA",CA,14487,RDD,"Redding, CA",CA,2130,2124.0,-6.0,0.0,0.0,2100-2159,2239,,,,,2200-2259,0.0,1.0,69.0,,,199.0,1
2026,1,1,2,5,1/2/2026 12:00:00 AM,OO,5860,12892,LAX,"Los Angeles, CA",CA,12094,HDN,"Hayden, CO",CO,1250,1248.0,-2.0,0.0,0.0,1200-1259,1613,1805.0,,,,1600-1659,0.0,1.0,143.0,,,763.0,4
2026,1,1,2,5,1/2/2026 12:00:00 AM,OO,5876,13930,ORD,"Chicago, IL",IL,10372,ASE,"Aspen, CO",CO,845,844.0,-1.0,0.0,0.0,0800-0859,1122,,,,,1100-1159,0.0,1.0,217.0,,,1013.0,5
2026,1,1,2,5,1/2/2026 12:00:00 AM,OO,5892,11996,GSP,"Greer, SC",SC,11292,DEN,"Denver, CO",CO,1615,1610.0,-5.0,0.0,0.0,1600-1659,1811,1930.0,,,,1800-1859,0.0,1.0,236.0,,,1278.0,6
2026,1,1,2,5,1/2/2026 12:00:00 AM,OO,6250,13930,ORD,"Chicago, IL",IL,10372,ASE,"Aspen, CO",CO,710,756.0,46.0,46.0,1.0,0700-0759,951,,,,,0900-0959,0.0,1.0,221.0,,,1013.0,5
2026,1,1,2,5,1/2/2026 12:00:00 AM,OO,6257,11298,DFW,"Dallas/Fort Worth, TX",TX,12012,GUC,"Gunnison, CO",CO,1010,1001.0,-9.0,0.0,0.0,1000-1059,1148,1557.0,,,,1100-1159,0.0,1.0,158.0,,,678.0,3
2026,1,1,2,5,1/2/2026 12:00:00 AM,OO,6340,11298,DFW,"Dallas/Fort Worth, TX",TX,10372,ASE,"Aspen, CO",CO,818,1030.0,132.0,132.0,1.0,0800-0859,1005,,,,,1000-1059,0.0,1.0,167.0,,,701.0,3
2026,1,1,2,5,1/2/2026 12:00:00 AM,OO,6375,11057,CLT,"Charlotte, NC",NC,10372,ASE,"Aspen, CO",CO,1109,1140.0,31.0,31.0,1.0,1100-1159,1313,1554.0,,,,1300-1359,0.0,1.0,244.0,,,1451.0,6
2026,1,1,2,5,1/2/2026 12:00:00 AM,WN,2259,10713,BOI,"Boise, ID",ID,14679,SAN,"San Diego, CA",CA,1735,1826.0,51.0,51.0,1.0,1700-1759,1845,2230.0,,,,1800-1859,0.0,1.0,130.0,,,749.0,3
2026,1,1,2,5,1/2/2026 12:00:00 AM,WN,2851,14679,SAN,"San Diego, CA",CA,12173,HNL,"Honolulu, HI",HI,835,901.0,26.0,26.0,1.0,0800-0859,1255,1445.0,,,,1200-1259,0.0,1.0,380.0,,,2614.0,11
2026,1,1,2,5,1/2/2026 12:00:00 AM,YX,4510,14492,RDU,"Raleigh/Durham, NC",NC,12478,JFK,"New York, NY",NY,606,602.0,-4.0,0.0,0.0,0600-0659,755,1022.0,,,,0700-0759,0.0,1.0,109.0,,,427.0,2
2026,1,1,3,6,1/3/2026 12:00:00 AM,AA,1031,11298,DFW,"Dallas/Fort Worth, TX",TX,11884,GEG,"Spokane, WA",WA,1849,1904.0,15.0,15.0,1.0,1800-1859,2038,2332.0,,,,2000-2059,0.0,1.0,229.0,,,1477.0,6
2026,1,1,3,6,1/3/2026 12:00:00 AM,AA,2662,11057,CLT,"Charlotte, NC",NC,15370,TUL,"Tulsa, OK",OK,2015,2009.0,-6.0,0.0,0.0,2000-2059,2146,2305.0,,,,2100-2159,0.0,1.0,151.0,,,842.0,4
2026,1,1,3,6,1/3/2026 12:00:00 AM,AS,1409,11697,FLL,"Fort Lauderdale, FL",FL,14057,PDX,"Portland, OR",OR,1701,1752.0,51.0,51.0,1.0,1700-1759,2040,2240.0,,,,2000-2059,0.0,1.0,399.0,,,2694.0,11
2026,1,1,3,6,1/3/2026 12:00:00 AM,AS,208,12478,JFK,"New York, NY",NY,14262,PSP,"Palm Springs, CA",CA,1130,1126.0,-4.0,0.0,0.0,1100-1159,1442,,,,,1400-1459,0.0,1.0,372.0,,,2378.0,10
2026,1,1,3,6,1/3/2026 12:00:00 AM,AS,488,14057,PDX,"Portland, OR",OR,14262,PSP,"Palm Springs, CA",CA,700,713.0,13.0,13.0,0.0,0700-0759,923,,,,,0900-0959,0.0,1.0,143.0,,,873.0,4
2026,1,1,3,6,1/3/2026 12:00:00 AM,AS,660,14747,SEA,"Seattle, WA",WA,13486,MSO,"Missoula, MT",MT,1304,1303.0,-1.0,0.0,0.0,1300-1359,1533,,,,,1500-1559,0.0,1.0,89.0,,,389.0,2
2026,1,1,3,6,1/3/2026 12:00:00 AM,AS,752,14747,SEA,"Seattle, WA",WA,14262,PSP,"Palm Springs, CA",CA,1553,1619.0,26.0,26.0,1.0,1500-1559,1838,,,,,1800-1859,0.0,1.0,165.0,,,987.0,4
2026,1,1,3,6,1/3/2026 12:00:00 AM,B6,127,11618,EWR,"Newark, NJ",NJ,13204,MCO,"Orlando, FL",FL,1755,1917.0,82.0,82.0,1.0,1700-1759,2102,30.0,,,,2100-2159,0.0,1.0,187.0,,,937.0,4
2026,1,1,3,6,1/3/2026 12:00:00 AM,B6,552,10721,BOS,"Boston, MA",MA,13204,MCO,"Orlando, FL",FL,1904,1915.0,11.0,11.0,0.0,1900-1959,2230,48.0,,,,2200-2259,0.0,1.0,206.0,,,1121.0,5
2026,1,1,3,6,1/3/2026 12:00:00 AM,DL,1151,13342,MKE,"Milwaukee, WI",WI,10397,ATL,"Atlanta, GA",GA,1226,1215.0,-11.0,0.0,0.0,1200-1259,1530,1616.0,,,,1500-1559,0.0,1.0,124.0,,,669.0,3
2026,1,1,3,6,1/3/2026 12:00:00 AM,DL,1561,13487,MSP,"Minneapolis, MN",MN,14262,PSP,"Palm Springs, CA",CA,1100,1101.0,1.0,1.0,0.0,1100-1159,1244,,,,,1200-1259,0.0,1.0,224.0,,,1454.0,6
2026,1,1,3,6,1/3/2026 12:00:00 AM,DL,2881,10397,ATL,"Atlanta, GA",GA,13204,MCO,"Orlando, FL",FL,1950,2038.0,48.0,48.0,1.0,1900-1959,2121,34.0,,,,2100-2159,0.0,1.0,91.0,,,404.0,2
2026,1,1,3,6,1/3/2026 12:00:00 AM,DL,2883,11292,DEN,"Denver, CO",CO,11433,DTW,"Detroit, MI",MI,1035,1110.0,35.0,35.0,1.0,1000-1059,1520,45.0,,,,1500-1559,0.0,1.0,165.0,,,1123.0,5
2026,1,1,3,6,1/3/2026 12:00:00 AM,DL,524,14869,SLC,"Salt Lake City, UT",UT,14689,SBA,"Santa Barbara, CA",CA,1100,1122.0,22.0,22.0,1.0,1100-1159,1205,,,,,1200-1259,0.0,1.0,125.0,,,615.0,3
2026,1,1,3,6,1/3/2026 12:00:00 AM,DL,922,14747,SEA,"Seattle, WA",WA,10299,ANC,"Anchorage, AK",AK,955,1902.0,547.0,547.0,1.0,0900-0959,1241,2141.0,,,,1200-1259,0.0,1.0,226.0,,,1448.0,6
2026,1,1,3,6,1/3/2026 12:00:00 AM,OH,5377,11057,CLT,"Charlotte, NC",NC,13871,OMA,"Omaha, NE",NE,1510,1537.0,27.0,27.0,1.0,1500-1559,1658,2033.0,,,,1600-1659,0.0,1.0,168.0,,,913.0,4
2026,1,1,3,6,1/3/2026 12:00:00 AM,OH,5382,11057,CLT,"Charlotte, NC",NC,14685,SAV,"Savannah, GA",GA,2022,2120.0,58.0,58.0,1.0,2000-2059,2143,159.0,,,,2100-2159,0.0,1.0,81.0,,,213.0,1
2026,1,1,3,6,1/3/2026 12:00:00 AM,OO,3285,14747,SEA,"Seattle, WA",WA,14262,PSP,"Palm Springs, CA",CA,1833,1959.0,86.0,86.0,1.0,1800-1859,2125,,,,,2100-2159,0.0,1.0,172.0,,,987.0,4
2026,1,1,3,6,1/3/2026 12:00:00 AM,OO,3440,14908,SNA,"Santa Ana, CA",CA,14771,SFO,"San Francisco, CA",CA,1110,1426.0,196.0,196.0,1.0,1100-1159,1256,,,,,1200-1259,0.0,1.0,106.0,,,372.0,2
2026,1,1,3,6,1/3/2026 12:00:00 AM,OO,3497,14262,PSP,"Palm Springs, CA",CA,14771,SFO,"San Francisco, CA",CA,745,1646.0,541.0,541.0,1.0,0700-0759,931,,,,,0900-0959,0.0,1.0,106.0,,,421.0,2
2026,1,1,3,6,1/3/2026 12:00:00 AM,OO,3798,14869,SLC,"Salt Lake City, UT",UT,11648,FCA,"Kalispell, MT",MT,1515,1514.0,-1.0,0.0,0.0,1500-1559,1707,,,,,1700-1759,0.0,1.0,112.0,,,532.0,3
2026,1,1,3,6,1/3/2026 12:00:00 AM,OO,4289,13487,MSP,"Minneapolis, MN",MN,16869,XWA,"Williston, ND",ND,2030,2030.0,0.0,0.0,0.0,2000-2059,2242,1241.0,,,,2200-2259,0.0,1.0,132.0,,,553.0,3
2026,1,1,3,6,1/3/2026 12:00:00 AM,OO,4648,12892,LAX,"Los Angeles, CA",CA,11648,FCA,"Kalispell, MT",MT,1855,1931.0,36.0,36.0,1.0,1800-1859,2245,1404.0,,,,2200-2259,0.0,1.0,170.0,,,1015.0,5
2026,1,1,3,6,1/3/2026 12:00:00 AM,OO,5029,12559,JST,"Johnstown, PA",PA,13930,ORD,"Chicago, IL",IL,1413,1400.0,-13.0,0.0,0.0,1400-1459,1524,1908.0,,,,1500-1559,0.0,1.0,131.0,,,487.0,2
2026,1,1,3,6,1/3/2026 12:00:00 AM,OO,5041,11292,DEN,"Denver, CO",CO,14237,PRC,"Prescott, AZ",AZ,805,758.0,-7.0,0.0,0.0,0800-0859,1010,1211.0,,,,1000-1059,0.0,1.0,125.0,,,558.0,3
2026,1,1,3,6,1/3/2026 12:00:00 AM,OO,5097,11292,DEN,"Denver, CO",CO,11315,DIK,"Dickinson, ND",ND,2040,2038.0,-2.0,0.0,0.0,2000-2059,2236,1645.0,,,,2200-2259,0.0,1.0,116.0,,,488.0,2
2026,1,1,3,6,1/3/2026 12:00:00 AM,OO,5261,11292,DEN,"Denver, CO",CO,16869,XWA,"Williston, ND",ND,2040,2036.0,-4.0,0.0,0.0,2000-2059,2343,,,,,2300-2359,0.0,1.0,123.0,,,582.0,3
2026,1,1,3,6,1/3/2026 12:00:00 AM,OO,5335,11292,DEN,"Denver, CO",CO,13486,MSO,"Missoula, MT",MT,1355,1351.0,-4.0,0.0,0.0,1300-1359,1620,,,,,1600-1659,0.0,1.0,145.0,,,679.0,3
2026,1,1,3,6,1/3/2026 12:00:00 AM,OO,5377,11292,DEN,"Denver, CO",CO,12012,GUC,"Gunnison, CO",CO,1915,1005.0,890.0,890.0,1.0,1900-1959,2024,1502.0,,,,2000-2059,0.0,1.0,69.0,,,152.0,1
2026,1,1,3,6,1/3/2026 12:00:00 AM,OO,5682,14771,SFO,"San Francisco, CA",CA,13486,MSO,"Missoula, MT",MT,922,1120.0,118.0,118.0,1.0,0900-0959,1247,,,,,1200-1259,0.0,1.0,145.0,,,769.0,4
2026,1,1,3,6,1/3/2026 12:00:00 AM,OO,5875,11292,DEN,"Denver, CO",CO,15041,SUN,"Sun Valley/Hailey/Ketchum, ID",ID,1916,1925.0,9.0,9.0,0.0,1900-1959,2130,31.0,,,,2100-2159,0.0,1.0,134.0,,,557.0,3
2026,1,1,3,6,1/3/2026 12:00:00 AM,OO,5889,14771,SFO,"San Francisco, CA",CA,11648,FCA,"Kalispell, MT",MT,925,1120.0,115.0,115.0,1.0,0900-0959,1255,,,,,1200-1259,0.0,1.0,150.0,,,844.0,4
2026,1,1,3,6,1/3/2026 12:00:00 AM,UA,1375,11618,EWR,"Newark, NJ",NJ,14262,PSP,"Palm Springs, CA",CA,1000,954.0,-6.0,0.0,0.0,1000-1059,1313,,,,,1300-1359,0.0,1.0,373.0,,,2358.0,10
2026,1,1,3,6,1/3/2026 12:00:00 AM,UA,1550,11292,DEN,"Denver, CO",CO,14698,SBP,"San Luis Obispo, CA",CA,1915,2003.0,48.0,48.0,1.0,1900-1959,2105,830.0,,,,2100-2159,0.0,1.0,170.0,,,931.0,4
2026,1,1,3,6,1/3/2026 12:00:00 AM,UA,671,11292,DEN,"Denver, CO",CO,14689,SBA,"Santa Barbara, CA",CA,1127,1133.0,6.0,6.0,0.0,1100-1159,1312,,,,,1300-1359,0.0,1.0,165.0,,,916.0,4
2026,1,1,3,6,1/3/2026 12:00:00 AM,WN,1535,12339,IND,"Indianapolis, IN",IN,13204,MCO,"Orlando, FL",FL,1835,1903.0,28.0,28.0,1.0,1800-1859,2055,2239.0,,,,2000-2059,0.0,1.0,140.0,,,829.0,4
2026,1,1,3,6,1/3/2026 12:00:00 AM,WN,1703,14730,SDF,"Louisville, KY",KY,13204,MCO,"Orlando, FL",FL,1940,2001.0,21.0,21.0,1.0,1900-1959,2145,14.0,,,,2100-2159,0.0,1.0,125.0,,,719.0,3
2026,1,1,3,6,1/3/2026 12:00:00 AM,WN,2065,12889,LAS,"Las Vegas, NV",NV,12173,HNL,"Honolulu, HI",HI,1055,1105.0,10.0,10.0,0.0,1000-1059,1525,1655.0,,,,1500-1559,0.0,1.0,390.0,,,2762.0,11
2026,1,1,3,6,1/3/2026 12:00:00 AM,WN,3163,12889,LAS,"Las Vegas, NV",NV,12173,HNL,"Honolulu, HI",HI,945,1040.0,55.0,55.0,1.0,0900-0959,1415,1727.0,,,,1400-1459,0.0,1.0,390.0,,,2762.0,11
2026,1,1,3,6,1/3/2026 12:00:00 AM,WN,3220,12889,LAS,"Las Vegas, NV",NV,11986,GRR,"Grand Rapids, MI",MI,1345,1439.0,54.0,54.0,1.0,1300-1359,2020,2339.0,,,,2000-2059,0.0,1.0,215.0,,,1642.0,7
2026,1,1,3,6,1/3/2026 12:00:00 AM,WN,421,10397,ATL,"Atlanta, GA",GA,13204,MCO,"Orlando, FL",FL,1930,2011.0,41.0,41.0,1.0,1900-1959,2100,6.0,,,,2100-2159,0.0,1.0,90.0,,,404.0,2
2026,1,1,3,6,1/3/2026 12:00:00 AM,WN,4613,13232,MDW,"Chicago, IL",IL,14262,PSP,"Palm Springs, CA",CA,850,854.0,4.0,4.0,0.0,0800-0859,1105,1428.0,,,,1100-1159,0.0,1.0,255.0,,,1657.0,7
2026,1,1,3,6,1/3/2026 12:00:00 AM,WN,659,13204,MCO,"Orlando, FL",FL,11986,GRR,"Grand Rapids, MI",MI,1600,1740.0,100.0,100.0,1.0,1600-1659,1850,48.0,,,,1800-1859,0.0,1.0,170.0,,,1024.0,5
2026,1,1,3,6,1/3/2026 12:00:00 AM,WN,864,11292,DEN,"Denver, CO",CO,14689,SBA,"Santa Barbara, CA",CA,1005,1003.0,-2.0,0.0,0.0,1000-1059,1140,,,,,1100-1159,0.0,1.0,155.0,,,916.0,4
2026,1,1,3,6,1/3/2026 12:00:00 AM,YX,3597,12451,JAX,"Jacksonville, FL",FL,13930,ORD,"Chicago, IL",IL,1140,1138.0,-2.0,0.0,0.0,1100-1159,1336,1604.0,,,,1300-1359,0.0,1.0,176.0,,,864.0,4
2026,1,1,3,6,1/3/2026 12:00:00 AM,YX,4809,11066,CMH,"Columbus, OH",OH,14100,PHL,"Philadelphia, PA",PA,1240,1236.0,-4.0,0.0,0.0,1200-1259,1423,1709.0,,,,1400-1459,0.0,1.0,103.0,,,407.0,2
2026,1,1,4,7,1/4/2026 12:00:00 AM,AA,1105,13930,ORD,"Chicago, IL",IL,12889,LAS,"Las Vegas, NV",NV,1526,1547.0,21.0,21.0,1.0,1500-1559,1725,935.0,,,,1700-1759,0.0,1.0,239.0,,,1514.0,7
2026,1,1,4,7,1/4/2026 12:00:00 AM,AA,2609,15024,STT,"Charlotte Amalie, VI",VI,14100,PHL,"Philadelphia, PA",PA,1431,1552.0,81.0,81.0,1.0,1400-1459,1746,42.0,,,,1700-1759,0.0,1.0,255.0,,,1605.0,7
2026,1,1,4,7,1/4/2026 12:00:00 AM,AA,2992,11298,DFW,"Dallas/Fort Worth, TX",TX,11996,GSP,"Greer, SC",SC,2040,155.0,315.0,315.0,1.0,2000-2059,2352,830.0,,,,2300-2359,0.0,1.0,132.0,,,862.0,4
2026,1,1,4,7,1/4/2026 12:00:00 AM,AA,3200,11057,CLT,"Charlotte, NC",NC,15024,STT,"Charlotte Amalie, VI",VI,1115,1107.0,-8.0,0.0,0.0,1100-1159,1552,1802.0,,,,1500-1559,0.0,1.0,217.0,,,1520.0,7
2026,1,1,4,7,1/4/2026 12:00:00 AM,AA,894,15024,STT,"Charlotte Amalie, VI",VI,13930,ORD,"Chicago, IL",IL,1539,1653.0,74.0,74.0,1.0,1500-1559,1915,2314.0,,,,1900-1959,0.0,1.0,336.0,,,2116.0,9
2026,1,1,4,7,1/4/2026 12:00:00 AM,AS,213,12982,LIH,"Lihue, HI",HI,14747,SEA,"Seattle, WA",WA,2323,2330.0,7.0,7.0,0.0,2300-2359,717,937.0,,,,0700-0759,0.0,1.0,354.0,,,2700.0,11
2026,1,1,4,7,1/4/2026 12:00:00 AM,B6,1169,10721,BOS,"Boston, MA",MA,11697,FLL,"Fort Lauderdale, FL",FL,735,817.0,42.0,42.0,1.0,0700-0759,1109,1522.0,,,,1100-1159,0.0,1.0,214.0,,,1237.0,5
2026,1,1,4,7,1/4/2026 12:00:00 AM,B6,668,14027,PBI,"West Palm Beach/Palm Beach, FL",FL,12197,HPN,"White Plains, NY",NY,2059,2100.0,1.0,1.0,0.0,2000-2059,2348,629.0,,,,2300-2359,0.0,1.0,169.0,,,1056.0,5
2026,1,1,4,7,1/4/2026 12:00:00 AM,DL,1774,15024,STT,"Charlotte Amalie, VI",VI,10397,ATL,"Atlanta, GA",GA,1506,1858.0,232.0,232.0,1.0,1500-1559,1816,153.0,,,,1800-1859,0.0,1.0,250.0,,,1599.0,7
2026,1,1,4,7,1/4/2026 12:00:00 AM,DL,1883,15024,STT,"Charlotte Amalie, VI",VI,10397,ATL,"Atlanta, GA",GA,1615,2025.0,250.0,250.0,1.0,1600-1659,1930,119.0,,,,1900-1959,0.0,1.0,255.0,,,1599.0,7
2026,1,1,4,7,1/4/2026 12:00:00 AM,DL,1889,10397,ATL,"Atlanta, GA",GA,15024,STT,"Charlotte Amalie, VI",VI,1155,1215.0,20.0,20.0,1.0,1100-1159,1625,2006.0,,,,1600-1659,0.0,1.0,210.0,,,1599.0,7
2026,1,1,4,7,1/4/2026 12:00:00 AM,DL,1923,15024,STT,"Charlotte Amalie, VI",VI,12478,JFK,"New York, NY",NY,1735,2137.0,242.0,242.0,1.0,1700-1759,2059,1652.0,,,,2000-2059,0.0,1.0,264.0,,,1623.0,7
2026,1,1,4,7,1/4/2026 12:00:00 AM,DL,2434,15024,STT,"Charlotte Amalie, VI",VI,10721,BOS,"Boston, MA",MA,1434,1833.0,239.0,239.0,1.0,1400-1459,1800,,,,,1800-1859,0.0,1.0,266.0,,,1693.0,7
2026,1,1,4,7,1/4/2026 12:00:00 AM,DL,2458,12953,LGA,"New York, NY",NY,14986,SRQ,"Sarasota/Bradenton, FL",FL,710,658.0,-12.0,0.0,0.0,0700-0759,1025,1233.0,,,,1000-1059,0.0,1.0,195.0,,,1047.0,5
2026,1,1,4,7,1/4/2026 12:00:00 AM,DL,3196,10397,ATL,"Atlanta, GA",GA,14986,SRQ,"Sarasota/Bradenton, FL",FL,810,803.0,-7.0,0.0,0.0,0800-0859,943,1227.0,,,,0900-0959,0.0,1.0,93.0,,,444.0,2
2026,1,1,4,7,1/4/2026 12:00:00 AM,DL,887,12478,JFK,"New York, NY",NY,14869,SLC,"Salt Lake City, UT",UT,1610,1607.0,-3.0,0.0,0.0,1600-1659,1936,2137.0,,,,1900-1959,0.0,1.0,326.0,,,1990.0,8
2026,1,1,4,7,1/4/2026 12:00:00 AM,F9,1287,11042,CLE,"Cleveland, OH",OH,14986,SRQ,"Sarasota/Bradenton, FL",FL,745,733.0,-12.0,0.0,0.0,0700-0759,1032,1318.0,,,,1000-1059,0.0,1.0,167.0,,,967.0,4
2026,1,1,4,7,1/4/2026 12:00:00 AM,F9,1601,14100,PHL,"Philadelphia, PA",PA,12889,LAS,"Las Vegas, NV",NV,710,707.0,-3.0,0.0,0.0,0700-0759,944,1223.0,,,,0900-0959,0.0,1.0,334.0,,,2177.0,9
2026,1,1,4,7,1/4/2026 12:00:00 AM,G4,1793,10135,ABE,"Allentown/Bethlehem/Easton, PA",PA,14112,PIE,"St. Petersburg, FL",FL,700,651.0,-9.0,0.0,0.0,0700-0759,947,1221.0,,,,0900-0959,0.0,1.0,167.0,,,970.0,4
2026,1,1,4,7,1/4/2026 12:00:00 AM,G4,244,10431,AVL,"Asheville, NC",NC,14112,PIE,"St. Petersburg, FL",FL,655,650.0,-5.0,0.0,0.0,0600-0659,836,1139.0,,,,0800-0859,0.0,1.0,101.0,,,519.0,3
2026,1,1,4,7,1/4/2026 12:00:00 AM,G4,383,11193,CVG,"Cincinnati, OH",KY,14112,PIE,"St. Petersburg, FL",FL,630,624.0,-6.0,0.0,0.0,0600-0659,841,1157.0,,,,0800-0859,0.0,1.0,131.0,,,776.0,4
2026,1,1,4,7,1/4/2026 12:00:00 AM,G4,548,11986,GRR,"Grand Rapids, MI",MI,14112,PIE,"St. Petersburg, FL",FL,600,550.0,-10.0,0.0,0.0,0600-0659,849,1117.0,,,,0800-0859,0.0,1.0,169.0,,,1044.0,5
2026,1,1,4,7,1/4/2026 12:00:00 AM,G4,604,12339,IND,"Indianapolis, IN",IN,14112,PIE,"St. Petersburg, FL",FL,600,555.0,-5.0,0.0,0.0,0600-0659,818,1223.0,,,,0800-0859,0.0,1.0,138.0,,,840.0,4
2026,1,1,4,7,1/4/2026 12:00:00 AM,MQ,3450,11298,DFW,"Dallas/Fort Worth, TX",TX,11637,FAR,"Fargo, ND",ND,1906,1922.0,16.0,16.0,1.0,1900-1959,2155,47.0,,,,2100-2159,0.0,1.0,169.0,,,967.0,4
2026,1,1,4,7,1/4/2026 12:00:00 AM,MQ,4186,11298,DFW,"Dallas/Fort Worth, TX",TX,10408,ATW,"Appleton, WI",WI,1830,1827.0,-3.0,0.0,0.0,1800-1859,2100,2308.0,,,,2100-2159,0.0,1.0,150.0,,,908.0,4
2026,1,1,4,7,1/4/2026 12:00:00 AM,OH,5199,11057,CLT,"Charlotte, NC",NC,11617,EWN,"New Bern/Morehead/Beaufort, NC",NC,1443,1436.0,-7.0,0.0,0.0,1400-1459,1550,1846.0,,,,1500-1559,0.0,1.0,67.0,,,222.0,1
2026,1,1,4,7,1/4/2026 12:00:00 AM,OH,5347,13930,ORD,"Chicago, IL",IL,11996,GSP,"Greer, SC",SC,2350,2343.0,-7.0,0.0,0.0,2300-2359,247,2142.0,,,,0001-0559,0.0,1.0,117.0,,,577.0,3
2026,1,1,4,7,1/4/2026 12:00:00 AM,OO,3233,14771,SFO,"San Francisco, CA",CA,14908,SNA,"Santa Ana, CA",CA,1558,1603.0,5.0,5.0,0.0,1500-1559,1735,2050.0,,,,1700-1759,0.0,1.0,97.0,,,372.0,2
2026,1,1,4,7,1/4/2026 12:00:00 AM,OO,3728,14252,PSC,"Pasco/Kennewick/Richland, WA",WA,14869,SLC,"Salt Lake City, UT",UT,1656,1653.0,-3.0,0.0,0.0,1600-1659,1943,2209.0,,,,1900-1959,0.0,1.0,107.0,,,521.0,3
2026,1,1,4,7,1/4/2026 12:00:00 AM,OO,3798,11648,FCA,"Kalispell, MT",MT,14869,SLC,"Salt Lake City, UT",UT,1750,1747.0,-3.0,0.0,0.0,1700-1759,1944,2137.0,,,,1900-1959,0.0,1.0,114.0,,,532.0,3
2026,1,1,4,7,1/4/2026 12:00:00 AM,OO,3828,10620,BIL,"Billings, MT",MT,14869,SLC,"Salt Lake City, UT",UT,1820,1815.0,-5.0,0.0,0.0,1800-1859,1959,2110.0,,,,1900-1959,0.0,1.0,99.0,,,387.0,2
2026,1,1,4,7,1/4/2026 12:00:00 AM,OO,3868,12441,JAC,"Jackson, WY",WY,12892,LAX,"Los Angeles, CA",CA,1455,1711.0,136.0,136.0,1.0,1400-1459,1629,1934.0,,,,1600-1659,0.0,1.0,154.0,,,784.0,4
2026,1,1,4,7,1/4/2026 12:00:00 AM,OO,3973,14869,SLC,"Salt Lake City, UT",UT,15041,SUN,"Sun Valley/Hailey/Ketchum, ID",ID,1045,1047.0,2.0,2.0,0.0,1000-1059,1200,1453.0,,,,1200-1259,0.0,1.0,75.0,,,222.0,1
2026,1,1,4,7,1/4/2026 12:00:00 AM,OO,3978,10713,BOI,"Boise, ID",ID,14869,SLC,"Salt Lake City, UT",UT,1819,1815.0,-4.0,0.0,0.0,1800-1859,1942,2258.0,,,,1900-1959,0.0,1.0,83.0,,,290.0,2
2026,1,1,4,7,1/4/2026 12:00:00 AM,OO,4006,14869,SLC,"Salt Lake City, UT",UT,12441,JAC,"Jackson, WY",WY,2014,2129.0,75.0,75.0,1.0,2000-2059,2129,1128.0,,,,2100-2159,0.0,1.0,75.0,,,205.0,1
2026,1,1,4,7,1/4/2026 12:00:00 AM,OO,4080,10423,AUS,"Austin, TX",TX,14262,PSP,"Palm Springs, CA",CA,1459,1614.0,75.0,75.0,1.0,1400-1459,1617,,,,,1600-1659,0.0,1.0,198.0,,,1132.0,5
2026,1,1,4,7,1/4/2026 12:00:00 AM,OO,4243,11433,DTW,"Detroit, MI",MI,11587,ESC,"Escanaba, MI",MI,2140,2130.0,-10.0,0.0,0.0,2100-2159,2308,1050.0,,,,2300-2359,0.0,1.0,88.0,,,306.0,2
2026,1,1,4,7,1/4/2026 12:00:00 AM,OO,4297,11433,DTW,"Detroit, MI",MI,13459,MQT,"Marquette, MI",MI,2025,2051.0,26.0,26.0,1.0,2000-2059,2159,1131.0,,,,2100-2159,0.0,1.0,94.0,,,349.0,2
2026,1,1,4,7,1/4/2026 12:00:00 AM,OO,4453,10372,ASE,"Aspen, CO",CO,10397,ATL,"Atlanta, GA",GA,1320,1536.0,136.0,136.0,1.0,1300-1359,1845,2147.0,,,,1800-1859,0.0,1.0,205.0,,,1304.0,6
2026,1,1,4,7,1/4/2026 12:00:00 AM,OO,4891,10372,ASE,"Aspen, CO",CO,13930,ORD,"Chicago, IL",IL,1201,1352.0,111.0,111.0,1.0,1200-1259,1612,1906.0,,,,1600-1659,0.0,1.0,191.0,,,1013.0,5
2026,1,1,4,7,1/4/2026 12:00:00 AM,OO,4897,12441,JAC,"Jackson, WY",WY,12892,LAX,"Los Angeles, CA",CA,1232,1408.0,96.0,96.0,1.0,1200-1259,1416,1654.0,,,,1400-1459,0.0,1.0,164.0,,,784.0,4
2026,1,1,4,7,1/4/2026 12:00:00 AM,OO,5102,11292,DEN,"Denver, CO",CO,11447,DVL,"Devils Lake, ND",ND,745,747.0,2.0,2.0,0.0,0700-0759,1100,1852.0,,,,1100-1159,0.0,1.0,135.0,,,638.0,3
2026,1,1,4,7,1/4/2026 12:00:00 AM,OO,5140,13930,ORD,"Chicago, IL",IL,11076,CMX,"Hancock/Houghton, MI",MI,2139,2208.0,29.0,29.0,1.0,2100-2159,30,943.0,,,,0001-0559,0.0,1.0,111.0,,,360.0,2
2026,1,1,4,7,1/4/2026 12:00:00 AM,OO,5354,12266,IAH,"Houston, TX",TX,10372,ASE,"Aspen, CO",CO,1210,1227.0,17.0,17.0,1.0,1200-1259,1427,,,,,1400-1459,0.0,1.0,197.0,,,913.0,4
2026,1,1,4,7,1/4/2026 12:00:00 AM,OO,5800,14771,SFO,"San Francisco, CA",CA,14487,RDD,"Redding, CA",CA,1620,1744.0,84.0,84.0,1.0,1600-1659,1730,928.0,,,,1700-1759,0.0,1.0,70.0,,,199.0,1
2026,1,1,4,7,1/4/2026 12:00:00 AM,OO,5814,12266,IAH,"Houston, TX",TX,10372,ASE,"Aspen, CO",CO,948,1118.0,90.0,90.0,1.0,0900-0959,1215,,,,,1200-1259,0.0,1.0,207.0,,,913.0,4
2026,1,1,4,7,1/4/2026 12:00:00 AM,OO,5864,14771,SFO,"San Francisco, CA",CA,14689,SBA,"Santa Barbara, CA",CA,840,918.0,38.0,38.0,1.0,0800-0859,1005,1410.0,,,,1000-1059,0.0,1.0,85.0,,,262.0,2
2026,1,1,4,7,1/4/2026 12:00:00 AM,OO,5917,12266,IAH,"Houston, TX",TX,10372,ASE,"Aspen, CO",CO,1955,2158.0,123.0,123.0,1.0,1900-1959,2212,813.0,,,,2200-2259,0.0,1.0,197.0,,,913.0,4
2026,1,1,4,7,1/4/2026 12:00:00 AM,OO,6250,13930,ORD,"Chicago, IL",IL,10372,ASE,"Aspen, CO",CO,710,1213.0,303.0,303.0,1.0,0700-0759,951,,,,,0900-0959,0.0,1.0,221.0,,,1013.0,5
2026,1,1,4,7,1/4/2026 12:00:00 AM,OO,6375,11057,CLT,"Charlotte, NC",NC,10372,ASE,"Aspen, CO",CO,1109,1158.0,49.0,49.0,1.0,1100-1159,1313,,,,,1300-1359,0.0,1.0,244.0,,,1451.0,6
2026,1,1,4,7,1/4/2026 12:00:00 AM,OO,6394,11298,DFW,"Dallas/Fort Worth, TX",TX,10372,ASE,"Aspen, CO",CO,1419,1410.0,-9.0,0.0,0.0,1400-1459,1554,,,,,1500-1559,0.0,1.0,155.0,,,701.0,3
2026,1,1,4,7,1/4/2026 12:00:00 AM,OO,6409,12892,LAX,"Los Angeles, CA",CA,11423,DSM,"Des Moines, IA",IA,840,833.0,-7.0,0.0,0.0,0800-0859,1417,1638.0,,,,1400-1459,0.0,1.0,217.0,,,1447.0,6
2026,1,1,4,7,1/4/2026 12:00:00 AM,OO,6477,11298,DFW,"Dallas/Fort Worth, TX",TX,10372,ASE,"Aspen, CO",CO,1235,1349.0,74.0,74.0,1.0,1200-1259,1423,,,,,1400-1459,0.0,1.0,168.0,,,701.0,3
2026,1,1,4,7,1/4/2026 12:00:00 AM,OO,6488,14107,PHX,"Phoenix, AZ",AZ,15041,SUN,"Sun Valley/Hailey/Ketchum, ID",ID,1804,1757.0,-7.0,0.0,0.0,1800-1859,2025,1434.0,,,,2000-2059,0.0,1.0,141.0,,,705.0,3
2026,1,1,4,7,1/4/2026 12:00:00 AM,OO,6503,11298,DFW,"Dallas/Fort Worth, TX",TX,10372,ASE,"Aspen, CO",CO,1108,1138.0,30.0,30.0,1.0,1100-1159,1249,,,,,1200-1259,0.0,1.0,161.0,,,701.0,3
2026,1,1,4,7,1/4/2026 12:00:00 AM,UA,1162,10732,BQN,"Aguadilla, PR",PR,11618,EWR,"Newark, NJ",NJ,109,406.0,177.0,177.0,1.0,0001-0559,412,944.0,,,,0001-0559,0.0,1.0,243.0,,,1585.0,7
2026,1,1,4,7,1/4/2026 12:00:00 AM,UA,1246,14771,SFO,"San Francisco, CA",CA,14262,PSP,"Palm Springs, CA",CA,825,826.0,1.0,1.0,0.0,0800-0859,1006,,,,,1000-1059,0.0,1.0,101.0,,,421.0,2
2026,1,1,4,7,1/4/2026 12:00:00 AM,UA,2080,14771,SFO,"San Francisco, CA",CA,14492,RDU,"Raleigh/Durham, NC",NC,2320,2344.0,24.0,24.0,1.0,2300-2359,730,1100.0,,,,0700-0759,0.0,1.0,310.0,,,2400.0,10
2026,1,1,4,7,1/4/2026 12:00:00 AM,UA,2176,13930,ORD,"Chicago, IL",IL,15024,STT,"Charlotte Amalie, VI",VI,930,928.0,-2.0,0.0,0.0,0900-0959,1618,1917.0,,,,1600-1659,0.0,1.0,288.0,,,2116.0,9
2026,1,1,4,7,1/4/2026 12:00:00 AM,UA,2276,12264,IAD,"Washington, DC",VA,12892,LAX,"Los Angeles, CA",CA,1800,1847.0,47.0,47.0,1.0,1800-1859,2044,,,,,2000-2059,0.0,1.0,344.0,,,2288.0,10
2026,1,1,4,7,1/4/2026 12:00:00 AM,UA,249,11697,FLL,"Fort Lauderdale, FL",FL,14771,SFO,"San Francisco, CA",CA,1710,1752.0,42.0,42.0,1.0,1700-1759,2044,34.0,,,,2000-2059,0.0,1.0,394.0,,,2584.0,11
2026,1,1,4,7,1/4/2026 12:00:00 AM,WN,2679,15016,STL,"St. Louis, MO",MO,14635,RSW,"Fort Myers, FL",FL,1500,1502.0,2.0,2.0,0.0,1500-1559,1825,2226.0,,,,1800-1859,0.0,1.0,145.0,,,979.0,4
2026,1,1,4,7,1/4/2026 12:00:00 AM,YX,4615,11624,EYW,"Key West, FL",FL,10721,BOS,"Boston, MA",MA,1525,1707.0,102.0,102.0,1.0,1500-1559,1859,2204.0,,,,1800-1859,0.0,1.0,214.0,,,1373.0,6
2026,1,1,5,1,1/5/2026 12:00:00 AM,AA,2555,11057,CLT,"Charlotte, NC",NC,14635,RSW,"Fort Myers, FL",FL,738,729.0,-9.0,0.0,0.0,0700-0759,937,1248.0,,,,0900-0959,0.0,1.0,119.0,,,600.0,3
2026,1,1,5,1,1/5/2026 12:00:00 AM,AA,2609,15024,STT,"Charlotte Amalie, VI",VI,14100,PHL,"Philadelphia, PA",PA,1431,1428.0,-3.0,0.0,0.0,1400-1459,1746,2208.0,,,,1700-1759,0.0,1.0,255.0,,,1605.0,7
2026,1,1,5,1,1/5/2026 12:00:00 AM,AA,3100,13930,ORD,"Chicago, IL",IL,14635,RSW,"Fort Myers, FL",FL,645,636.0,-9.0,0.0,0.0,0600-0659,1042,1219.0,,,,1000-1059,0.0,1.0,177.0,,,1120.0,5
2026,1,1,5,1,1/5/2026 12:00:00 AM,AA,3211,11278,DCA,"Washington, DC",VA,14635,RSW,"Fort Myers, FL",FL,645,635.0,-10.0,0.0,0.0,0600-0659,929,1338.0,,,,0900-0959,0.0,1.0,164.0,,,892.0,4
2026,1,1,5,1,1/5/2026 12:00:00 AM,AA,580,13930,ORD,"Chicago, IL",IL,11503,EGE,"Eagle, CO",CO,1045,1041.0,-4.0,0.0,0.0,1000-1059,1251,1755.0,,,,1200-1259,0.0,1.0,186.0,,,1007.0,5
2026,1,1,5,1,1/5/2026 12:00:00 AM,AS,459,10721,BOS,"Boston, MA",MA,14747,SEA,"Seattle, WA",WA,730,828.0,58.0,58.0,1.0,0700-0759,1052,,,,,1000-1059,0.0,1.0,382.0,,,2496.0,10
2026,1,1,5,1,1/5/2026 12:00:00 AM,AS,60,12523,JNU,"Juneau, AK",AK,12819,KTN,"Ketchikan, AK",AK,718,835.0,77.0,77.0,1.0,0700-0759,825,,,,,0800-0859,0.0,1.0,67.0,,,234.0,1
2026,1,1,5,1,1/5/2026 12:00:00 AM,AS,65,12819,KTN,"Ketchikan, AK",AK,15841,WRG,"Wrangell, AK",AK,857,1014.0,77.0,77.0,1.0,0800-0859,942,,,,,0900-0959,0.0,1.0,45.0,,,82.0,1
2026,1,1,5,1,1/5/2026 12:00:00 AM,B6,2064,11624,EYW,"Key West, FL",FL,10721,BOS,"Boston, MA",MA,1312,1334.0,22.0,22.0,1.0,1300-1359,1648,1854.0,,,,1600-1659,0.0,1.0,216.0,,,1373.0,6
2026,1,1,5,1,1/5/2026 12:00:00 AM,B6,2065,10721,BOS,"Boston, MA",MA,14635,RSW,"Fort Myers, FL",FL,600,557.0,-3.0,0.0,0.0,0600-0659,940,1218.0,,,,0900-0959,0.0,1.0,220.0,,,1249.0,5
2026,1,1,5,1,1/5/2026 12:00:00 AM,B6,2201,12478,JFK,"New York, NY",NY,14635,RSW,"Fort Myers, FL",FL,635,725.0,50.0,50.0,1.0,0600-0659,949,1303.0,,,,0900-0959,0.0,1.0,194.0,,,1074.0,5
2026,1,1,5,1,1/5/2026 12:00:00 AM,DL,1023,14307,PVD,"Providence, RI",RI,10397,ATL,"Atlanta, GA",GA,530,615.0,45.0,45.0,1.0,0001-0559,836,1145.0,,,,0800-0859,0.0,1.0,186.0,,,903.0,4
2026,1,1,5,1,1/5/2026 12:00:00 AM,DL,1073,14683,SAT,"San Antonio, TX",TX,10397,ATL,"Atlanta, GA",GA,520,521.0,1.0,1.0,0.0,0001-0559,841,1033.0,,,,0800-0859,0.0,1.0,141.0,,,874.0,4
2026,1,1,5,1,1/5/2026 12:00:00 AM,DL,1108,15096,SYR,"Syracuse, NY",NY,10397,ATL,"Atlanta, GA",GA,600,559.0,-1.0,0.0,0.0,0600-0659,851,1232.0,,,,0800-0859,0.0,1.0,171.0,,,794.0,4
2026,1,1,5,1,1/5/2026 12:00:00 AM,DL,1215,11697,FLL,"Fort Lauderdale, FL",FL,10397,ATL,"Atlanta, GA",GA,625,623.0,-2.0,0.0,0.0,0600-0659,824,1254.0,,,,0800-0859,0.0,1.0,119.0,,,581.0,3
2026,1,1,5,1,1/5/2026 12:00:00 AM,DL,1344,10423,AUS,"Austin, TX",TX,10397,ATL,"Atlanta, GA",GA,530,517.0,-13.0,0.0,0.0,0001-0559,850,1126.0,,,,0800-0859,0.0,1.0,140.0,,,813.0,4
2026,1,1,5,1,1/5/2026 12:00:00 AM,DL,1352,14027,PBI,"West Palm Beach/Palm Beach, FL",FL,10397,ATL,"Atlanta, GA",GA,700,658.0,-2.0,0.0,0.0,0700-0759,857,1203.0,,,,0800-0859,0.0,1.0,117.0,,,545.0,3
2026,1,1,5,1,1/5/2026 12:00:00 AM,DL,1361,14635,RSW,"Fort Myers, FL",FL,10397,ATL,"Atlanta, GA",GA,645,637.0,-8.0,0.0,0.0,0600-0659,841,1127.0,,,,0800-0859,0.0,1.0,116.0,,,515.0,3
2026,1,1,5,1,1/5/2026 12:00:00 AM,DL,1382,10785,BTV,"Burlington, VT",VT,10397,ATL,"Atlanta, GA",GA,522,534.0,12.0,12.0,0.0,0001-0559,839,1158.0,,,,0800-0859,0.0,1.0,197.0,,,961.0,4
2026,1,1,5,1,1/5/2026 12:00:00 AM,DL,1726,15304,TPA,"Tampa, FL",FL,10397,ATL,"Atlanta, GA",GA,700,655.0,-5.0,0.0,0.0,0700-0759,847,1140.0,,,,0800-0859,0.0,1.0,107.0,,,406.0,2
2026,1,1,5,1,1/5/2026 12:00:00 AM,DL,2286,12478,JFK,"New York, NY",NY,10397,ATL,"Atlanta, GA",GA,600,605.0,5.0,5.0,0.0,0600-0659,844,1248.0,,,,0800-0859,0.0,1.0,164.0,,,760.0,4
2026,1,1,5,1,1/5/2026 12:00:00 AM,DL,2320,12478,JFK,"New York, NY",NY,14635,RSW,"Fort Myers, FL",FL,705,657.0,-8.0,0.0,0.0,0700-0759,1029,1246.0,,,,1000-1059,0.0,1.0,204.0,,,1074.0,5
2026,1,1,5,1,1/5/2026 12:00:00 AM,DL,2353,11618,EWR,"Newark, NJ",NJ,10397,ATL,"Atlanta, GA",GA,600,556.0,-4.0,0.0,0.0,0600-0659,845,1243.0,,,,0800-0859,0.0,1.0,165.0,,,746.0,3
2026,1,1,5,1,1/5/2026 12:00:00 AM,DL,2379,12197,HPN,"White Plains, NY",NY,10397,ATL,"Atlanta, GA",GA,600,558.0,-2.0,0.0,0.0,0600-0659,845,1106.0,,,,0800-0859,0.0,1.0,165.0,,,781.0,4
2026,1,1,5,1,1/5/2026 12:00:00 AM,DL,2434,15024,STT,"Charlotte Amalie, VI",VI,10721,BOS,"Boston, MA",MA,1432,1750.0,198.0,198.0,1.0,1400-1459,1753,114.0,,,,1700-1759,0.0,1.0,261.0,,,1693.0,7
2026,1,1,5,1,1/5/2026 12:00:00 AM,DL,2557,12191,HOU,"Houston, TX",TX,10397,ATL,"Atlanta, GA",GA,545,544.0,-1.0,0.0,0.0,0001-0559,849,1154.0,,,,0800-0859,0.0,1.0,124.0,,,696.0,3
2026,1,1,5,1,1/5/2026 12:00:00 AM,DL,2664,10792,BUF,"Buffalo, NY",NY,10397,ATL,"Atlanta, GA",GA,600,613.0,13.0,13.0,0.0,0600-0659,834,1135.0,,,,0800-0859,0.0,1.0,154.0,,,712.0,3
2026,1,1,5,1,1/5/2026 12:00:00 AM,DL,2915,11193,CVG,"Cincinnati, OH",KY,12889,LAS,"Las Vegas, NV",NV,710,707.0,-3.0,0.0,0.0,0700-0759,836,1114.0,,,,0800-0859,0.0,1.0,266.0,,,1678.0,7
2026,1,1,5,1,1/5/2026 12:00:00 AM,DL,2933,10529,BDL,"Hartford, CT",CT,10397,ATL,"Atlanta, GA",GA,600,605.0,5.0,5.0,0.0,0600-0659,859,1238.0,,,,0800-0859,0.0,1.0,179.0,,,859.0,4
2026,1,1,5,1,1/5/2026 12:00:00 AM,DL,3155,11973,GPT,"Gulfport/Biloxi, MS",MS,10397,ATL,"Atlanta, GA",GA,605,558.0,-7.0,0.0,0.0,0600-0659,837,1113.0,,,,0800-0859,0.0,1.0,92.0,,,352.0,2
2026,1,1,5,1,1/5/2026 12:00:00 AM,DL,330,11278,DCA,"Washington, DC",VA,10397,ATL,"Atlanta, GA",GA,659,656.0,-3.0,0.0,0.0,0600-0659,912,1302.0,,,,0900-0959,0.0,1.0,133.0,,,547.0,3
2026,1,1,5,1,1/5/2026 12:00:00 AM,DL,379,12953,LGA,"New York, NY",NY,14635,RSW,"Fort Myers, FL",FL,700,650.0,-10.0,0.0,0.0,0700-0759,1023,1153.0,,,,1000-1059,0.0,1.0,203.0,,,1080.0,5
2026,1,1,5,1,1/5/2026 12:00:00 AM,DL,685,12478,JFK,"New York, NY",NY,14679,SAN,"San Diego, CA",CA,2034,2325.0,171.0,171.0,1.0,2000-2059,5,,,,,0001-0559,0.0,1.0,391.0,,,2446.0,10
2026,1,1,5,1,1/5/2026 12:00:00 AM,DL,760,10721,BOS,"Boston, MA",MA,11298,DFW,"Dallas/Fort Worth, TX",TX,755,751.0,-4.0,0.0,0.0,0700-0759,1144,1419.0,,,,1100-1159,0.0,1.0,289.0,,,1562.0,7
2026,1,1,5,1,1/5/2026 12:00:00 AM,F9,1318,11193,CVG,"Cincinnati, OH",KY,14635,RSW,"Fort Myers, FL",FL,620,610.0,-10.0,0.0,0.0,0600-0659,858,1256.0,,,,0800-0859,0.0,1.0,158.0,,,879.0,4
2026,1,1,5,1,1/5/2026 12:00:00 AM,F9,1563,13204,MCO,"Orlando, FL",FL,10397,ATL,"Atlanta, GA",GA,515,631.0,76.0,76.0,1.0,0001-0559,702,1206.0,,,,0700-0759,0.0,1.0,107.0,,,404.0,2
2026,1,1,5,1,1/5/2026 12:00:00 AM,G4,1871,10431,AVL,"Asheville, NC",NC,14761,SFB,"Sanford, FL",FL,800,746.0,-14.0,0.0,0.0,0800-0859,931,1136.0,,,,0900-0959,0.0,1.0,91.0,,,465.0,2
2026,1,1,5,1,1/5/2026 12:00:00 AM,G4,3023,15412,TYS,"Knoxville, TN",TN,14761,SFB,"Sanford, FL",FL,630,624.0,-6.0,0.0,0.0,0600-0659,805,1157.0,,,,0800-0859,0.0,1.0,95.0,,,511.0,3
2026,1,1,5,1,1/5/2026 12:00:00 AM,G4,3040,15412,TYS,"Knoxville, TN",TN,13204,MCO,"Orlando, FL",FL,600,743.0,103.0,103.0,1.0,0600-0659,740,1259.0,,,,0700-0759,0.0,1.0,100.0,,,532.0,3
2026,1,1,5,1,1/5/2026 12:00:00 AM,G4,3870,10408,ATW,"Appleton, WI",WI,14635,RSW,"Fort Myers, FL",FL,600,610.0,10.0,10.0,0.0,0600-0659,1015,1243.0,,,,1000-1059,0.0,1.0,195.0,,,1279.0,6
2026,1,1,5,1,1/5/2026 12:00:00 AM,MQ,3365,13930,ORD,"Chicago, IL",IL,13871,OMA,"Omaha, NE",NE,2020,2021.0,1.0,1.0,0.0,2000-2059,2211,334.0,,,,2200-2259,0.0,1.0,111.0,,,416.0,2
2026,1,1,5,1,1/5/2026 12:00:00 AM,MQ,4072,13303,MIA,"Miami, FL",FL,10397,ATL,"Atlanta, GA",GA,640,638.0,-2.0,0.0,0.0,0600-0659,840,1149.0,,,,0800-0859,0.0,1.0,120.0,,,594.0,3
2026,1,1,5,1,1/5/2026 12:00:00 AM,OH,5139,11298,DFW,"Dallas/Fort Worth, TX",TX,12278,ICT,"Wichita, KS",KS,808,801.0,-7.0,0.0,0.0,0800-0859,936,1131.0,,,,0900-0959,0.0,1.0,88.0,,,328.0,2
2026,1,1,5,1,1/5/2026 12:00:00 AM,OH,5326,11057,CLT,"Charlotte, NC",NC,11481,ECP,"Panama City, FL",FL,2300,2256.0,-4.0,0.0,0.0,2300-2359,2353,1004.0,,,,2300-2359,0.0,1.0,113.0,,,437.0,2
2026,1,1,5,1,1/5/2026 12:00:00 AM,OH,5473,11278,DCA,"Washington, DC",VA,11267,DAY,"Dayton, OH",OH,2000,2319.0,199.0,199.0,1.0,2000-2059,2142,242.0,,,,2100-2159,0.0,1.0,102.0,,,391.0,2
2026,1,1,5,1,1/5/2026 12:00:00 AM,OO,3411,12889,LAS,"Las Vegas, NV",NV,14771,SFO,"San Francisco, CA",CA,1024,1018.0,-6.0,0.0,0.0,1000-1059,1215,,,,,1200-1259,0.0,1.0,111.0,,,414.0,2
2026,1,1,5,1,1/5/2026 12:00:00 AM,OO,3680,10397,ATL,"Atlanta, GA",GA,10372,ASE,"Aspen, CO",CO,1215,1249.0,34.0,34.0,1.0,1200-1259,1416,1741.0,,,,1400-1459,0.0,1.0,241.0,,,1304.0,6
2026,1,1,5,1,1/5/2026 12:00:00 AM,OO,3706,14869,SLC,"Salt Lake City, UT",UT,13871,OMA,"Omaha, NE",NE,2030,2037.0,7.0,7.0,0.0,2000-2059,2354,1020.0,,,,2300-2359,0.0,1.0,144.0,,,840.0,4
2026,1,1,5,1,1/5/2026 12:00:00 AM,OO,3869,14814,SHV,"Shreveport, LA",LA,10397,ATL,"Atlanta, GA",GA,600,552.0,-8.0,0.0,0.0,0600-0659,858,1148.0,,,,0800-0859,0.0,1.0,118.0,,,552.0,3
2026,1,1,5,1,1/5/2026 12:00:00 AM,OO,3923,12951,LFT,"Lafayette, LA",LA,10397,ATL,"Atlanta, GA",GA,608,600.0,-8.0,0.0,0.0,0600-0659,900,1839.0,,,,0900-0959,0.0,1.0,112.0,,,503.0,3
2026,1,1,5,1,1/5/2026 12:00:00 AM,OO,4948,11503,EGE,"Eagle, CO",CO,12892,LAX,"Los Angeles, CA",CA,1317,1546.0,149.0,149.0,1.0,1300-1359,1450,1819.0,,,,1400-1459,0.0,1.0,153.0,,,748.0,3
2026,1,1,5,1,1/5/2026 12:00:00 AM,OO,5053,11292,DEN,"Denver, CO",CO,11447,DVL,"Devils Lake, ND",ND,1400,1418.0,18.0,18.0,1.0,1400-1459,1713,,,,,1700-1759,0.0,1.0,133.0,,,638.0,3
2026,1,1,5,1,1/5/2026 12:00:00 AM,OO,5080,11292,DEN,"Denver, CO",CO,12519,JMS,"Jamestown, ND",ND,755,745.0,-10.0,0.0,0.0,0700-0759,1102,,,,,1100-1159,0.0,1.0,127.0,,,573.0,3
2026,1,1,5,1,1/5/2026 12:00:00 AM,OO,5320,13930,ORD,"Chicago, IL",IL,10372,ASE,"Aspen, CO",CO,1300,1256.0,-4.0,0.0,0.0,1300-1359,1530,,,,,1500-1559,0.0,1.0,210.0,,,1013.0,5
2026,1,1,5,1,1/5/2026 12:00:00 AM,OO,5348,13029,LNK,"Lincoln, NE",NE,11292,DEN,"Denver, CO",CO,930,921.0,-9.0,0.0,0.0,0900-0959,1034,1456.0,,,,1000-1059,0.0,1.0,124.0,,,423.0,2
2026,1,1,5,1,1/5/2026 12:00:00 AM,OO,5719,13930,ORD,"Chicago, IL",IL,10372,ASE,"Aspen, CO",CO,1647,1640.0,-7.0,0.0,0.0,1600-1659,1917,903.0,,,,1900-1959,0.0,1.0,210.0,,,1013.0,5
2026,1,1,5,1,1/5/2026 12:00:00 AM,OO,5786,12892,LAX,"Los Angeles, CA",CA,10372,ASE,"Aspen, CO",CO,1655,1642.0,-13.0,0.0,0.0,1600-1659,2025,1018.0,,,,2000-2059,0.0,1.0,150.0,,,737.0,3
2026,1,1,5,1,1/5/2026 12:00:00 AM,OO,5821,14771,SFO,"San Francisco, CA",CA,13871,OMA,"Omaha, NE",NE,1628,1654.0,26.0,26.0,1.0,1600-1659,2159,1104.0,,,,2100-2159,0.0,1.0,211.0,,,1433.0,6
2026,1,1,5,1,1/5/2026 12:00:00 AM,OO,5917,12266,IAH,"Houston, TX",TX,10372,ASE,"Aspen, CO",CO,1955,2143.0,108.0,108.0,1.0,1900-1959,2212,845.0,,,,2200-2259,0.0,1.0,197.0,,,913.0,4
2026,1,1,5,1,1/5/2026 12:00:00 AM,OO,6394,11298,DFW,"Dallas/Fort Worth, TX",TX,10372,ASE,"Aspen, CO",CO,1419,1511.0,52.0,52.0,1.0,1400-1459,1554,2226.0,,,,1500-1559,0.0,1.0,155.0,,,701.0,3
2026,1,1,5,1,1/5/2026 12:00:00 AM,OO,6412,12892,LAX,"Los Angeles, CA",CA,13871,OMA,"Omaha, NE",NE,1833,1848.0,15.0,15.0,1.0,1800-1859,2349,918.0,,,,2300-2359,0.0,1.0,196.0,,,1330.0,6
2026,1,1,5,1,1/5/2026 12:00:00 AM,OO,6477,11298,DFW,"Dallas/Fort Worth, TX",TX,10372,ASE,"Aspen, CO",CO,1235,1229.0,-6.0,0.0,0.0,1200-1259,1423,,,,,1400-1459,0.0,1.0,168.0,,,701.0,3
2026,1,1,5,1,1/5/2026 12:00:00 AM,UA,1068,11618,EWR,"Newark, NJ",NJ,10397,ATL,"Atlanta, GA",GA,645,637.0,-8.0,0.0,0.0,0600-0659,921,1130.0,,,,0900-0959,0.0,1.0,156.0,,,746.0,3
2026,1,1,5,1,1/5/2026 12:00:00 AM,UA,1100,11042,CLE,"Cleveland, OH",OH,14635,RSW,"Fort Myers, FL",FL,700,657.0,-3.0,0.0,0.0,0700-0759,959,1237.0,,,,0900-0959,0.0,1.0,179.0,,,1025.0,5
2026,1,1,5,1,1/5/2026 12:00:00 AM,UA,1371,12266,IAH,"Houston, TX",TX,12441,JAC,"Jackson, WY",WY,930,1108.0,98.0,98.0,1.0,0900-0959,1204,1509.0,,,,1200-1259,0.0,1.0,214.0,,,1265.0,6
2026,1,1,5,1,1/5/2026 12:00:00 AM,UA,2044,11618,EWR,"Newark, NJ",NJ,14635,RSW,"Fort Myers, FL",FL,715,711.0,-4.0,0.0,0.0,0700-0759,1031,1146.0,,,,1000-1059,0.0,1.0,196.0,,,1068.0,5
2026,1,1,5,1,1/5/2026 12:00:00 AM,UA,2198,13930,ORD,"Chicago, IL",IL,14635,RSW,"Fort Myers, FL",FL,600,550.0,-10.0,0.0,0.0,0600-0659,958,1152.0,,,,0900-0959,0.0,1.0,178.0,,,1120.0,5
2026,1,1,5,1,1/5/2026 12:00:00 AM,UA,463,11292,DEN,"Denver, CO",CO,14635,RSW,"Fort Myers, FL",FL,59,50.0,-9.0,0.0,0.0,0001-0559,643,1241.0,,,,0600-0659,0.0,1.0,224.0,,,1607.0,7
2026,1,1,5,1,1/5/2026 12:00:00 AM,WN,1300,10693,BNA,"Nashville, TN",TN,14635,RSW,"Fort Myers, FL",FL,740,730.0,-10.0,0.0,0.0,0700-0759,1050,1324.0,,,,1000-1059,0.0,1.0,130.0,,,722.0,3
2026,1,1,5,1,1/5/2026 12:00:00 AM,WN,2044,11066,CMH,"Columbus, OH",OH,14635,RSW,"Fort Myers, FL",FL,650,643.0,-7.0,0.0,0.0,0600-0659,925,1243.0,,,,0900-0959,0.0,1.0,155.0,,,930.0,4
2026,1,1,5,1,1/5/2026 12:00:00 AM,WN,298,12953,LGA,"New York, NY",NY,10397,ATL,"Atlanta, GA",GA,610,610.0,0.0,0.0,0.0,0600-0659,845,1102.0,,,,0800-0859,0.0,1.0,155.0,,,762.0,4
2026,1,1,5,1,1/5/2026 12:00:00 AM,WN,3712,12339,IND,"Indianapolis, IN",IN,14635,RSW,"Fort Myers, FL",FL,625,624.0,-1.0,0.0,0.0,0600-0659,855,1211.0,,,,0800-0859,0.0,1.0,150.0,,,945.0,4
2026,1,1,5,1,1/5/2026 12:00:00 AM,WN,3822,13342,MKE,"Milwaukee, WI",WI,14635,RSW,"Fort Myers, FL",FL,630,624.0,-6.0,0.0,0.0,0600-0659,1025,1242.0,,,,1000-1059,0.0,1.0,175.0,,,1183.0,5
2026,1,1,5,1,1/5/2026 12:00:00 AM,WN,3869,13232,MDW,"Chicago, IL",IL,14635,RSW,"Fort Myers, FL",FL,535,528.0,-7.0,0.0,0.0,0001-0559,920,1120.0,,,,0900-0959,0.0,1.0,165.0,,,1105.0,5
2026,1,1,5,1,1/5/2026 12:00:00 AM,WN,921,14122,PIT,"Pittsburgh, PA",PA,14635,RSW,"Fort Myers, FL",FL,645,640.0,-5.0,0.0,0.0,0600-0659,930,1150.0,,,,0900-0959,0.0,1.0,165.0,,,966.0,4
2026,1,1,5,1,1/5/2026 12:00:00 AM,YX,5821,11624,EYW,"Key West, FL",FL,12953,LGA,"New York, NY",NY,1328,1337.0,9.0,9.0,0.0,1300-1359,1635,1747.0,,,,1600-1659,0.0,1.0,187.0,,,1207.0,5
2026,1,1,6,2,1/6/2026 12:00:00 AM,AA,1052,11298,DFW,"Dallas/Fort Worth, TX",TX,15412,TYS,"Knoxville, TN",TN,1945,2024.0,39.0,39.0,1.0,1900-1959,2247,307.0,,,,2200-2259,0.0,1.0,122.0,,,772.0,4
2026,1,1,6,2,1/6/2026 12:00:00 AM,AA,2898,15024,STT,"Charlotte Amalie, VI",VI,13930,ORD,"Chicago, IL",IL,1516,1506.0,-10.0,0.0,0.0,1500-1559,1850,2120.0,,,,1800-1859,0.0,1.0,334.0,,,2116.0,9
2026,1,1,6,2,1/6/2026 12:00:00 AM,AA,2949,11298,DFW,"Dallas/Fort Worth, TX",TX,12953,LGA,"New York, NY",NY,600,558.0,-2.0,0.0,0.0,0600-0659,1014,1354.0,,,,1000-1059,0.0,1.0,194.0,,,1389.0,6
2026,1,1,6,2,1/6/2026 12:00:00 AM,AA,3309,11298,DFW,"Dallas/Fort Worth, TX",TX,14908,SNA,"Santa Ana, CA",CA,2130,2259.0,89.0,89.0,1.0,2100-2159,2256,801.0,,,,2200-2259,0.0,1.0,206.0,,,1205.0,5
2026,1,1,6,2,1/6/2026 12:00:00 AM,AS,440,13303,MIA,"Miami, FL",FL,14057,PDX,"Portland, OR",OR,1651,1701.0,10.0,10.0,0.0,1600-1659,2050,2204.0,,,,2000-2059,0.0,1.0,419.0,,,2700.0,11
2026,1,1,6,2,1/6/2026 12:00:00 AM,AS,61,15991,YAK,"Yakutat, AK",AK,10926,CDV,"Cordova, AK",AK,1125,1439.0,194.0,194.0,1.0,1100-1159,1222,,,,,1200-1259,0.0,1.0,57.0,,,213.0,1
2026,1,1,6,2,1/6/2026 12:00:00 AM,AS,66,10299,ANC,"Anchorage, AK",AK,10926,CDV,"Cordova, AK",AK,1300,1631.0,211.0,211.0,1.0,1300-1359,1401,,,,,1400-1459,0.0,1.0,61.0,,,160.0,1
2026,1,1,6,2,1/6/2026 12:00:00 AM,MQ,4025,13930,ORD,"Chicago, IL",IL,13459,MQT,"Marquette, MI",MI,1929,2119.0,110.0,110.0,1.0,1900-1959,2153,934.0,,,,2100-2159,0.0,1.0,84.0,,,303.0,2
2026,1,1,6,2,1/6/2026 12:00:00 AM,NK,209,11697,FLL,"Fort Lauderdale, FL",FL,10158,ACY,"Atlantic City, NJ",NJ,1945,2002.0,17.0,17.0,1.0,1900-1959,2219,,,,,2200-2259,0.0,1.0,154.0,,,977.0,4
2026,1,1,6,2,1/6/2026 12:00:00 AM,NK,305,14843,SJU,"San Juan, PR",PR,13204,MCO,"Orlando, FL",FL,1655,1716.0,21.0,21.0,1.0,1600-1659,1914,11.0,,,,1900-1959,0.0,1.0,199.0,,,1188.0,5
2026,1,1,6,2,1/6/2026 12:00:00 AM,OO,4059,11433,DTW,"Detroit, MI",MI,11977,GRB,"Green Bay, WI",WI,1000,948.0,-12.0,0.0,0.0,1000-1059,1035,1302.0,,,,1000-1059,0.0,1.0,95.0,,,287.0,2
2026,1,1,6,2,1/6/2026 12:00:00 AM,OO,4270,13487,MSP,"Minneapolis, MN",MN,12335,IMT,"Iron Mountain/Kingsfd, MI",MI,1545,1802.0,137.0,137.0,1.0,1500-1559,1704,,,,,1700-1759,0.0,1.0,79.0,,,257.0,2
2026,1,1,6,2,1/6/2026 12:00:00 AM,OO,4297,11433,DTW,"Detroit, MI",MI,13459,MQT,"Marquette, MI",MI,2020,2015.0,-5.0,0.0,0.0,2000-2059,2157,1028.0,,,,2100-2159,0.0,1.0,97.0,,,349.0,2
2026,1,1,6,2,1/6/2026 12:00:00 AM,OO,5124,13930,ORD,"Chicago, IL",IL,11471,EAU,"Eau Claire, WI",WI,2146,2137.0,-9.0,0.0,0.0,2100-2159,2315,58.0,,,,2300-2359,0.0,1.0,89.0,,,269.0,2
2026,1,1,6,2,1/6/2026 12:00:00 AM,UA,1530,15024,STT,"Charlotte Amalie, VI",VI,11618,EWR,"Newark, NJ",NJ,1505,1521.0,16.0,16.0,1.0,1500-1559,1838,2102.0,,,,1800-1859,0.0,1.0,273.0,,,1634.0,7
2026,1,1,6,2,1/6/2026 12:00:00 AM,UA,241,12266,IAH,"Houston, TX",TX,14771,SFO,"San Francisco, CA",CA,1522,1554.0,32.0,32.0,1.0,1500-1559,1750,2224.0,,,,1700-1759,0.0,1.0,268.0,,,1635.0,7
2026,1,1,6,2,1/6/2026 12:00:00 AM,UA,795,14492,RDU,"Raleigh/Durham, NC",NC,14771,SFO,"San Francisco, CA",CA,845,906.0,21.0,21.0,1.0,0800-0859,1156,1353.0,,,,1100-1159,0.0,1.0,371.0,,,2400.0,10
2026,1,1,6,2,1/6/2026 12:00:00 AM,WN,1169,14893,SMF,"Sacramento, CA",CA,10800,BUR,"Burbank, CA",CA,1550,1559.0,9.0,9.0,0.0,1500-1559,1705,1837.0,,,,1700-1759,0.0,1.0,75.0,,,358.0,2
2026,1,1,6,2,1/6/2026 12:00:00 AM,WN,1230,13871,OMA,"Omaha, NE",NE,14107,PHX,"Phoenix, AZ",AZ,1430,1440.0,10.0,10.0,0.0,1400-1459,1625,1843.0,,,,1600-1659,0.0,1.0,175.0,,,1037.0,5
2026,1,1,6,2,1/6/2026 12:00:00 AM,WN,1469,11292,DEN,"Denver, CO",CO,12191,HOU,"Houston, TX",TX,1825,1937.0,72.0,72.0,1.0,1800-1859,2155,,,,,2100-2159,0.0,1.0,150.0,,,883.0,4
2026,1,1,6,2,1/6/2026 12:00:00 AM,WN,2096,14893,SMF,"Sacramento, CA",CA,12892,LAX,"Los Angeles, CA",CA,1825,1821.0,-4.0,0.0,0.0,1800-1859,1955,2131.0,,,,1900-1959,0.0,1.0,90.0,,,373.0,2
2026,1,1,6,2,1/6/2026 12:00:00 AM,WN,3494,14747,SEA,"Seattle, WA",WA,14893,SMF,"Sacramento, CA",CA,625,618.0,-7.0,0.0,0.0,0600-0659,815,1017.0,,,,0800-0859,0.0,1.0,110.0,,,605.0,3
2026,1,1,7,3,1/7/2026 12:00:00 AM,AA,295,11298,DFW,"Dallas/Fort Worth, TX",TX,13830,OGG,"Kahului, HI",HI,900,900.0,0.0,0.0,0.0,0900-0959,1314,1831.0,,,,1300-1359,0.0,1.0,494.0,,,3710.0,11
2026,1,1,7,3,1/7/2026 12:00:00 AM,AA,889,13303,MIA,"Miami, FL",FL,12323,ILM,"Wilmington, NC",NC,2150,2140.0,-10.0,0.0,0.0,2100-2159,2357,934.0,,,,2300-2359,0.0,1.0,127.0,,,601.0,3
2026,1,1,7,3,1/7/2026 12:00:00 AM,AS,484,13830,OGG,"Kahului, HI",HI,14679,SAN,"San Diego, CA",CA,2359,34.0,35.0,35.0,1.0,2300-2359,723,952.0,,,,0700-0759,0.0,1.0,324.0,,,2540.0,11
2026,1,1,7,3,1/7/2026 12:00:00 AM,AS,61,15991,YAK,"Yakutat, AK",AK,10926,CDV,"Cordova, AK",AK,1135,1234.0,59.0,59.0,1.0,1100-1159,1233,,,,,1200-1259,0.0,1.0,58.0,,,213.0,1
2026,1,1,7,3,1/7/2026 12:00:00 AM,AS,640,15304,TPA,"Tampa, FL",FL,14747,SEA,"Seattle, WA",WA,700,735.0,35.0,35.0,1.0,0700-0759,1022,1804.0,,,,1000-1059,0.0,1.0,382.0,,,2520.0,11
2026,1,1,7,3,1/7/2026 12:00:00 AM,AS,89,10299,ANC,"Anchorage, AK",AK,10170,ADQ,"Kodiak, AK",AK,1424,1447.0,23.0,23.0,1.0,1400-1459,1532,1847.0,,,,1500-1559,0.0,1.0,68.0,,,253.0,2
2026,1,1,7,3,1/7/2026 12:00:00 AM,B6,1134,14843,SJU,"San Juan, PR",PR,13204,MCO,"Orlando, FL",FL,1735,1808.0,33.0,33.0,1.0,1700-1759,1955,50.0,,,,1900-1959,0.0,1.0,200.0,,,1188.0,5
2026,1,1,7,3,1/7/2026 12:00:00 AM,B6,223,12478,JFK,"New York, NY",NY,12892,LAX,"Los Angeles, CA",CA,1100,1053.0,-7.0,0.0,0.0,1100-1159,1415,2036.0,,,,1400-1459,0.0,1.0,375.0,,,2475.0,10
2026,1,1,7,3,1/7/2026 12:00:00 AM,B6,283,12478,JFK,"New York, NY",NY,13204,MCO,"Orlando, FL",FL,1229,1233.0,4.0,4.0,0.0,1200-1259,1533,1917.0,,,,1500-1559,0.0,1.0,184.0,,,944.0,4
2026,1,1,7,3,1/7/2026 12:00:00 AM,B6,314,11697,FLL,"Fort Lauderdale, FL",FL,12197,HPN,"White Plains, NY",NY,630,624.0,-6.0,0.0,0.0,0600-0659,927,1111.0,,,,0900-0959,0.0,1.0,177.0,,,1097.0,5
2026,1,1,7,3,1/7/2026 12:00:00 AM,DL,1080,12892,LAX,"Los Angeles, CA",CA,13244,MEM,"Memphis, TN",TN,1830,1847.0,17.0,17.0,1.0,1800-1859,2359,152.0,,,,2300-2359,0.0,1.0,209.0,,,1619.0,7
2026,1,1,7,3,1/7/2026 12:00:00 AM,DL,3086,10397,ATL,"Atlanta, GA",GA,14193,PNS,"Pensacola, FL",FL,2300,2256.0,-4.0,0.0,0.0,2300-2359,2313,1453.0,,,,2300-2359,0.0,1.0,73.0,,,272.0,2
2026,1,1,7,3,1/7/2026 12:00:00 AM,DL,500,10397,ATL,"Atlanta, GA",GA,12892,LAX,"Los Angeles, CA",CA,1830,1828.0,-2.0,0.0,0.0,1800-1859,2043,102.0,,,,2000-2059,0.0,1.0,313.0,,,1947.0,8
2026,1,1,7,3,1/7/2026 12:00:00 AM,G4,844,14082,PGD,"Punta Gorda, FL",FL,11003,CID,"Cedar Rapids/Iowa City, IA",IA,700,810.0,70.0,70.0,1.0,0700-0759,911,1259.0,,,,0900-0959,0.0,1.0,191.0,,,1170.0,5
2026,1,1,7,3,1/7/2026 12:00:00 AM,MQ,4024,11298,DFW,"Dallas/Fort Worth, TX",TX,11049,CLL,"College Station/Bryan, TX",TX,900,857.0,-3.0,0.0,0.0,0900-0959,1005,1150.0,,,,1000-1059,0.0,1.0,65.0,,,164.0,1
2026,1,1,7,3,1/7/2026 12:00:00 AM,MQ,4109,13303,MIA,"Miami, FL",FL,14193,PNS,"Pensacola, FL",FL,2250,2244.0,-6.0,0.0,0.0,2200-2259,2346,838.0,,,,2300-2359,0.0,1.0,116.0,,,530.0,3
2026,1,1,7,3,1/7/2026 12:00:00 AM,OH,5343,14685,SAV,"Savannah, GA",GA,11057,CLT,"Charlotte, NC",NC,615,613.0,-2.0,0.0,0.0,0600-0659,740,1035.0,,,,0700-0759,0.0,1.0,85.0,,,213.0,1
2026,1,1,7,3,1/7/2026 12:00:00 AM,OO,5022,12264,IAD,"Washington, DC",VA,12559,JST,"Johnstown, PA",PA,1248,1252.0,4.0,4.0,0.0,1200-1259,1353,1555.0,,,,1300-1359,0.0,1.0,65.0,,,119.0,1
2026,1,1,7,3,1/7/2026 12:00:00 AM,OO,5121,13930,ORD,"Chicago, IL",IL,11288,DEC,"Decatur, IL",IL,745,908.0,83.0,83.0,1.0,0700-0759,905,1311.0,,,,0900-0959,0.0,1.0,80.0,,,156.0,1
2026,1,1,7,3,1/7/2026 12:00:00 AM,OO,6216,13930,ORD,"Chicago, IL",IL,11003,CID,"Cedar Rapids/Iowa City, IA",IA,800,842.0,42.0,42.0,1.0,0800-0859,924,1413.0,,,,0900-0959,0.0,1.0,84.0,,,196.0,1
2026,1,1,7,3,1/7/2026 12:00:00 AM,UA,2234,11292,DEN,"Denver, CO",CO,13303,MIA,"Miami, FL",FL,1355,1347.0,-8.0,0.0,0.0,1300-1359,1951,2205.0,,,,1900-1959,0.0,1.0,236.0,,,1709.0,7
2026,1,1,7,3,1/7/2026 12:00:00 AM,WN,3868,15304,TPA,"Tampa, FL",FL,12191,HOU,"Houston, TX",TX,635,634.0,-1.0,0.0,0.0,0600-0659,805,1101.0,,,,0800-0859,0.0,1.0,150.0,,,781.0,4
2026,1,1,7,3,1/7/2026 12:00:00 AM,YX,5692,10721,BOS,"Boston, MA",MA,11278,DCA,"Washington, DC",VA,735,1215.0,280.0,280.0,1.0,0700-0759,939,1434.0,,,,0900-0959,0.0,1.0,124.0,,,399.0,2
2026,1,1,8,4,1/8/2026 12:00:00 AM,AA,1238,14635,RSW,"Fort Myers, FL",FL,13930,ORD,"Chicago, IL",IL,1730,1723.0,-7.0,0.0,0.0,1700-1759,1943,1139.0,,,,1900-1959,0.0,1.0,193.0,,,1120.0,5
2026,1,1,8,4,1/8/2026 12:00:00 AM,AA,1273,11298,DFW,"Dallas/Fort Worth, TX",TX,14193,PNS,"Pensacola, FL",FL,2015,2103.0,48.0,48.0,1.0,2000-2059,2157,1028.0,,,,2100-2159,0.0,1.0,102.0,,,604.0,3
2026,1,1,8,4,1/8/2026 12:00:00 AM,AA,1672,13930,ORD,"Chicago, IL",IL,12441,JAC,"Jackson, WY",WY,958,955.0,-3.0,0.0,0.0,0900-0959,1221,1549.0,,,,1200-1259,0.0,1.0,203.0,,,1162.0,5
2026,1,1,8,4,1/8/2026 12:00:00 AM,AA,2421,11298,DFW,"Dallas/Fort Worth, TX",TX,12889,LAS,"Las Vegas, NV",NV,700,653.0,-7.0,0.0,0.0,0700-0759,808,1126.0,,,,0800-0859,0.0,1.0,188.0,,,1055.0,5
2026,1,1,8,4,1/8/2026 12:00:00 AM,B6,1347,11278,DCA,"Washington, DC",VA,14843,SJU,"San Juan, PR",PR,815,1939.0,684.0,684.0,1.0,0800-0859,1308,209.0,,,,1300-1359,0.0,1.0,233.0,,,1554.0,7
2026,1,1,8,4,1/8/2026 12:00:00 AM,DL,1281,10397,ATL,"Atlanta, GA",GA,11624,EYW,"Key West, FL",FL,934,939.0,5.0,5.0,0.0,0900-0959,1129,,,,,1100-1159,0.0,1.0,115.0,,,646.0,3
2026,1,1,8,4,1/8/2026 12:00:00 AM,DL,1453,11977,GRB,"Green Bay, WI",WI,11433,DTW,"Detroit, MI",MI,1728,840.0,912.0,912.0,1.0,1700-1759,1950,,,,,1900-1959,0.0,1.0,82.0,,,287.0,2
2026,1,1,8,4,1/8/2026 12:00:00 AM,DL,1642,10397,ATL,"Atlanta, GA",GA,15624,VPS,"Valparaiso, FL",FL,1028,1305.0,157.0,157.0,1.0,1000-1059,1043,1312.0,,,,1000-1059,0.0,1.0,75.0,,,250.0,2
2026,1,1,8,4,1/8/2026 12:00:00 AM,DL,3083,10397,ATL,"Atlanta, GA",GA,15624,VPS,"Valparaiso, FL",FL,1554,1548.0,-6.0,0.0,0.0,1500-1559,1605,1751.0,,,,1600-1659,0.0,1.0,71.0,,,250.0,2
2026,1,1,8,4,1/8/2026 12:00:00 AM,DL,3086,10397,ATL,"Atlanta, GA",GA,14193,PNS,"Pensacola, FL",FL,2300,2246.0,-14.0,0.0,0.0,2300-2359,2313,919.0,,,,2300-2359,0.0,1.0,73.0,,,272.0,2
2026,1,1,8,4,1/8/2026 12:00:00 AM,DL,3091,10397,ATL,"Atlanta, GA",GA,10994,CHS,"Charleston, SC",SC,805,800.0,-5.0,0.0,0.0,0800-0859,919,1143.0,,,,0900-0959,0.0,1.0,74.0,,,259.0,2
2026,1,1,8,4,1/8/2026 12:00:00 AM,DL,3103,10397,ATL,"Atlanta, GA",GA,14193,PNS,"Pensacola, FL",FL,857,932.0,35.0,35.0,1.0,0800-0859,911,1309.0,,,,0900-0959,0.0,1.0,74.0,,,272.0,2
2026,1,1,8,4,1/8/2026 12:00:00 AM,DL,354,14492,RDU,"Raleigh/Durham, NC",NC,14747,SEA,"Seattle, WA",WA,736,726.0,-10.0,0.0,0.0,0700-0759,1042,1231.0,,,,1000-1059,0.0,1.0,366.0,,,2354.0,10
2026,1,1,8,4,1/8/2026 12:00:00 AM,G4,1394,14986,SRQ,"Sarasota/Bradenton, FL",FL,14108,PIA,"Peoria, IL",IL,1249,1252.0,3.0,3.0,0.0,1200-1259,1436,2120.0,,,,1400-1459,0.0,1.0,167.0,,,1001.0,5
2026,1,1,8,4,1/8/2026 12:00:00 AM,G4,3039,15412,TYS,"Knoxville, TN",TN,14112,PIE,"St. Petersburg, FL",FL,830,820.0,-10.0,0.0,0.0,0800-0859,1018,1237.0,,,,1000-1059,0.0,1.0,108.0,,,550.0,3
2026,1,1,8,4,1/8/2026 12:00:00 AM,G4,603,12339,IND,"Indianapolis, IN",IN,14112,PIE,"St. Petersburg, FL",FL,800,754.0,-6.0,0.0,0.0,0800-0859,1027,1317.0,,,,1000-1059,0.0,1.0,147.0,,,840.0,4
2026,1,1,8,4,1/8/2026 12:00:00 AM,MQ,3457,11057,CLT,"Charlotte, NC",NC,12124,HHH,"Hilton Head, SC",SC,1345,1504.0,79.0,79.0,1.0,1300-1359,1459,,,,,1400-1459,0.0,1.0,74.0,,,206.0,1
2026,1,1,8,4,1/8/2026 12:00:00 AM,MQ,3829,11624,EYW,"Key West, FL",FL,13930,ORD,"Chicago, IL",IL,1601,1559.0,-2.0,0.0,0.0,1600-1659,1845,150.0,,,,1800-1859,0.0,1.0,224.0,,,1251.0,6
2026,1,1,8,4,1/8/2026 12:00:00 AM,MQ,4291,13303,MIA,"Miami, FL",FL,14193,PNS,"Pensacola, FL",FL,745,734.0,-11.0,0.0,0.0,0700-0759,840,1321.0,,,,0800-0859,0.0,1.0,115.0,,,530.0,3
2026,1,1,8,4,1/8/2026 12:00:00 AM,NK,1633,13198,MCI,"Kansas City, MO",MO,12889,LAS,"Las Vegas, NV",NV,700,713.0,13.0,13.0,0.0,0700-0759,814,1159.0,,,,0800-0859,0.0,1.0,194.0,,,1139.0,5
2026,1,1,8,4,1/8/2026 12:00:00 AM,OH,5126,11057,CLT,"Charlotte, NC",NC,15624,VPS,"Valparaiso, FL",FL,910,902.0,-8.0,0.0,0.0,0900-0959,1019,1252.0,,,,1000-1059,0.0,1.0,129.0,,,460.0,2
2026,1,1,8,4,1/8/2026 12:00:00 AM,OH,5201,11057,CLT,"Charlotte, NC",NC,15624,VPS,"Valparaiso, FL",FL,1530,1602.0,32.0,32.0,1.0,1500-1559,1630,2006.0,,,,1600-1659,0.0,1.0,120.0,,,460.0,2
2026,1,1,8,4,1/8/2026 12:00:00 AM,OO,3788,14869,SLC,"Salt Lake City, UT",UT,11109,COS,"Colorado Springs, CO",CO,2045,2037.0,-8.0,0.0,0.0,2000-2059,2223,742.0,,,,2200-2259,0.0,1.0,98.0,,,411.0,2
2026,1,1,8,4,1/8/2026 12:00:00 AM,OO,4242,13487,MSP,"Minneapolis, MN",MN,11013,CIU,"Sault Ste. Marie, MI",MI,1250,1356.0,66.0,66.0,1.0,1200-1259,1529,,,,,1500-1559,0.0,1.0,99.0,,,434.0,2
2026,1,1,8,4,1/8/2026 12:00:00 AM,OO,4930,14107,PHX,"Phoenix, AZ",AZ,11695,FLG,"Flagstaff, AZ",AZ,1105,1101.0,-4.0,0.0,0.0,1100-1159,1208,1526.0,,,,1200-1259,0.0,1.0,63.0,,,119.0,1
2026,1,1,8,4,1/8/2026 12:00:00 AM,OO,5125,11292,DEN,"Denver, CO",CO,12899,LBF,"North Platte, NE",NE,1622,1715.0,53.0,53.0,1.0,1600-1659,1825,2300.0,,,,1800-1859,0.0,1.0,63.0,,,227.0,1
2026,1,1,8,4,1/8/2026 12:00:00 AM,OO,5330,14771,SFO,"San Francisco, CA",CA,10372,ASE,"Aspen, CO",CO,900,851.0,-9.0,0.0,0.0,0900-0959,1252,1443.0,,,,1200-1259,0.0,1.0,172.0,,,848.0,4
2026,1,1,8,4,1/8/2026 12:00:00 AM,OO,5775,11292,DEN,"Denver, CO",CO,10372,ASE,"Aspen, CO",CO,1729,1739.0,10.0,10.0,0.0,1700-1759,1839,1023.0,,,,1800-1859,0.0,1.0,70.0,,,125.0,1
2026,1,1,8,4,1/8/2026 12:00:00 AM,OO,5779,11292,DEN,"Denver, CO",CO,10372,ASE,"Aspen, CO",CO,1905,1903.0,-2.0,0.0,0.0,1900-1959,2015,1045.0,,,,2000-2059,0.0,1.0,70.0,,,125.0,1
2026,1,1,8,4,1/8/2026 12:00:00 AM,OO,5785,15412,TYS,"Knoxville, TN",TN,13930,ORD,"Chicago, IL",IL,1729,2039.0,190.0,190.0,1.0,1700-1759,1827,1003.0,,,,1800-1859,0.0,1.0,118.0,,,475.0,2
2026,1,1,8,4,1/8/2026 12:00:00 AM,OO,5786,12892,LAX,"Los Angeles, CA",CA,10372,ASE,"Aspen, CO",CO,1723,1721.0,-2.0,0.0,0.0,1700-1759,2053,1112.0,,,,2000-2059,0.0,1.0,150.0,,,737.0,3
2026,1,1,8,4,1/8/2026 12:00:00 AM,OO,5977,12266,IAH,"Houston, TX",TX,12896,LBB,"Lubbock, TX",TX,930,920.0,-10.0,0.0,0.0,0900-0959,1126,,,,,1100-1159,0.0,1.0,116.0,,,457.0,2
2026,1,1,8,4,1/8/2026 12:00:00 AM,UA,1400,14986,SRQ,"Sarasota/Bradenton, FL",FL,13930,ORD,"Chicago, IL",IL,1614,1613.0,-1.0,0.0,0.0,1600-1659,1825,2210.0,,,,1800-1859,0.0,1.0,191.0,,,1050.0,5
2026,1,1,8,4,1/8/2026 12:00:00 AM,UA,2026,14100,PHL,"Philadelphia, PA",PA,13930,ORD,"Chicago, IL",IL,1700,1739.0,39.0,39.0,1.0,1700-1759,1830,2151.0,,,,1800-1859,0.0,1.0,150.0,,,678.0,3
2026,1,1,8,4,1/8/2026 12:00:00 AM,UA,2304,11624,EYW,"Key West, FL",FL,13930,ORD,"Chicago, IL",IL,1615,1616.0,1.0,1.0,0.0,1600-1659,1848,15.0,,,,1800-1859,0.0,1.0,213.0,,,1251.0,6
2026,1,1,8,4,1/8/2026 12:00:00 AM,WN,1327,11259,DAL,"Dallas, TX",TX,13232,MDW,"Chicago, IL",IL,1830,1835.0,5.0,5.0,0.0,1800-1859,2040,2306.0,,,,2000-2059,0.0,1.0,130.0,,,793.0,4
2026,1,1,8,4,1/8/2026 12:00:00 AM,WN,2106,12889,LAS,"Las Vegas, NV",NV,11109,COS,"Colorado Springs, CO",CO,1950,1949.0,-1.0,0.0,0.0,1900-1959,2235,,,,,2200-2259,0.0,1.0,105.0,,,604.0,3
2026,1,1,8,4,1/8/2026 12:00:00 AM,WN,3664,14893,SMF,"Sacramento, CA",CA,14107,PHX,"Phoenix, AZ",AZ,510,509.0,-1.0,0.0,0.0,0001-0559,800,1053.0,,,,0800-0859,0.0,1.0,110.0,,,647.0,3
2026,1,1,8,4,1/8/2026 12:00:00 AM,WN,4193,13204,MCO,"Orlando, FL",FL,13232,MDW,"Chicago, IL",IL,1905,1907.0,2.0,2.0,0.0,1900-1959,2100,2353.0,,,,2100-2159,0.0,1.0,175.0,,,990.0,4
2026,1,1,8,4,1/8/2026 12:00:00 AM,WN,4791,14107,PHX,"Phoenix, AZ",AZ,13487,MSP,"Minneapolis, MN",MN,1145,1244.0,59.0,59.0,1.0,1100-1159,1555,1859.0,,,,1500-1559,0.0,1.0,190.0,,,1276.0,6
2026,1,1,8,4,1/8/2026 12:00:00 AM,WN,856,10693,BNA,"Nashville, TN",TN,14193,PNS,"Pensacola, FL",FL,815,839.0,24.0,24.0,1.0,0800-0859,950,1448.0,,,,0900-0959,0.0,1.0,95.0,,,391.0,2
2026,1,1,8,4,1/8/2026 12:00:00 AM,YX,3496,13930,ORD,"Chicago, IL",IL,14685,SAV,"Savannah, GA",GA,1807,1806.0,-1.0,0.0,0.0,1800-1859,2136,1437.0,,,,2100-2159,0.0,1.0,149.0,,,773.0,4
2026,1,1,8,4,1/8/2026 12:00:00 AM,YX,4362,11278,DCA,"Washington, DC",VA,15624,VPS,"Valparaiso, FL",FL,825,822.0,-3.0,0.0,0.0,0800-0859,1017,1303.0,,,,1000-1059,0.0,1.0,172.0,,,789.0,4
2026,1,1,8,4,1/8/2026 12:00:00 AM,YX,4635,11278,DCA,"Washington, DC",VA,13930,ORD,"Chicago, IL",IL,1759,1752.0,-7.0,0.0,0.0,1700-1759,1933,2258.0,,,,1900-1959,0.0,1.0,154.0,,,612.0,3
2026,1,1,9,5,1/9/2026 12:00:00 AM,AA,1676,11057,CLT,"Charlotte, NC",NC,14027,PBI,"West Palm Beach/Palm Beach, FL",FL,1437,1440.0,3.0,3.0,0.0,1400-1459,1638,2104.0,,,,1600-1659,0.0,1.0,121.0,,,590.0,3
2026,1,1,9,5,1/9/2026 12:00:00 AM,AA,2197,11057,CLT,"Charlotte, NC",NC,15624,VPS,"Valparaiso, FL",FL,2010,2003.0,-7.0,0.0,0.0,2000-2059,2100,2302.0,,,,2100-2159,0.0,1.0,110.0,,,460.0,2
2026,1,1,9,5,1/9/2026 12:00:00 AM,AA,3057,11057,CLT,"Charlotte, NC",NC,14576,ROC,"Rochester, NY",NY,1554,1545.0,-9.0,0.0,0.0,1500-1559,1742,2207.0,,,,1700-1759,0.0,1.0,108.0,,,573.0,3
2026,1,1,9,5,1/9/2026 12:00:00 AM,AA,510,12892,LAX,"Los Angeles, CA",CA,12982,LIH,"Lihue, HI",HI,1230,1411.0,101.0,101.0,1.0,1200-1259,1637,954.0,,,,1600-1659,0.0,1.0,367.0,,,2615.0,11
2026,1,1,9,5,1/9/2026 12:00:00 AM,AA,820,14057,PDX,"Portland, OR",OR,13930,ORD,"Chicago, IL",IL,600,552.0,-8.0,0.0,0.0,0600-0659,1215,1505.0,,,,1200-1259,0.0,1.0,255.0,,,1739.0,7
2026,1,1,9,5,1/9/2026 12:00:00 AM,AS,62,14828,SIT,"Sitka, AK",AK,12819,KTN,"Ketchikan, AK",AK,1130,1117.0,-13.0,0.0,0.0,1100-1159,1225,,,,,1200-1259,0.0,1.0,55.0,,,183.0,1
2026,1,1,9,5,1/9/2026 12:00:00 AM,AS,64,15841,WRG,"Wrangell, AK",AK,12819,KTN,"Ketchikan, AK",AK,1625,2009.0,224.0,224.0,1.0,1600-1659,1704,,,,,1700-1759,0.0,1.0,39.0,,,82.0,1
2026,1,1,9,5,1/9/2026 12:00:00 AM,AS,65,14747,SEA,"Seattle, WA",WA,12819,KTN,"Ketchikan, AK",AK,700,710.0,10.0,10.0,0.0,0700-0759,818,,,,,0800-0859,0.0,1.0,138.0,,,680.0,3
2026,1,1,9,5,1/9/2026 12:00:00 AM,AS,67,14747,SEA,"Seattle, WA",WA,12819,KTN,"Ketchikan, AK",AK,1535,1601.0,26.0,26.0,1.0,1500-1559,1648,,,,,1600-1659,0.0,1.0,133.0,,,680.0,3
2026,1,1,9,5,1/9/2026 12:00:00 AM,AS,69,14747,SEA,"Seattle, WA",WA,12819,KTN,"Ketchikan, AK",AK,1833,2002.0,89.0,89.0,1.0,1800-1859,1946,,,,,1900-1959,0.0,1.0,133.0,,,680.0,3
2026,1,1,9,5,1/9/2026 12:00:00 AM,AS,792,14747,SEA,"Seattle, WA",WA,15023,STS,"Santa Rosa, CA",CA,2159,2257.0,58.0,58.0,1.0,2100-2159,2359,,,,,2300-2359,0.0,1.0,120.0,,,618.0,3
2026,1,1,9,5,1/9/2026 12:00:00 AM,AS,934,13830,OGG,"Kahului, HI",HI,12892,LAX,"Los Angeles, CA",CA,1609,1813.0,124.0,124.0,1.0,1600-1659,2320,600.0,,,,2300-2359,0.0,1.0,311.0,,,2485.0,10
2026,1,1,9,5,1/9/2026 12:00:00 AM,B6,968,14027,PBI,"West Palm Beach/Palm Beach, FL",FL,12197,HPN,"White Plains, NY",NY,710,658.0,-12.0,0.0,0.0,0700-0759,959,1129.0,,,,0900-0959,0.0,1.0,169.0,,,1056.0,5
2026,1,1,9,5,1/9/2026 12:00:00 AM,DL,2047,10397,ATL,"Atlanta, GA",GA,14576,ROC,"Rochester, NY",NY,1528,1517.0,-11.0,0.0,0.0,1500-1559,1729,2234.0,,,,1700-1759,0.0,1.0,121.0,,,749.0,3
2026,1,1,9,5,1/9/2026 12:00:00 AM,DL,2051,10397,ATL,"Atlanta, GA",GA,12191,HOU,"Houston, TX",TX,2120,2222.0,62.0,62.0,1.0,2100-2159,2233,212.0,,,,2200-2259,0.0,1.0,133.0,,,696.0,3
2026,1,1,9,5,1/9/2026 12:00:00 AM,DL,3108,10397,ATL,"Atlanta, GA",GA,11267,DAY,"Dayton, OH",OH,920,1242.0,202.0,202.0,1.0,0900-0959,1050,1406.0,,,,1000-1059,0.0,1.0,90.0,,,432.0,2
2026,1,1,9,5,1/9/2026 12:00:00 AM,F9,4671,11433,DTW,"Detroit, MI",MI,14107,PHX,"Phoenix, AZ",AZ,600,553.0,-7.0,0.0,0.0,0600-0659,831,1031.0,,,,0800-0859,0.0,1.0,271.0,,,1671.0,7
2026,1,1,9,5,1/9/2026 12:00:00 AM,G4,1445,15919,XNA,"Fayetteville, AR",AR,15624,VPS,"Valparaiso, FL",FL,1729,1736.0,7.0,7.0,0.0,1700-1759,1908,1004.0,,,,1900-1959,0.0,1.0,99.0,,,601.0,3
2026,1,1,9,5,1/9/2026 12:00:00 AM,G4,3029,15412,TYS,"Knoxville, TN",TN,14761,SFB,"Sanford, FL",FL,600,552.0,-8.0,0.0,0.0,0600-0659,740,1000.0,,,,0700-0759,0.0,1.0,100.0,,,511.0,3
2026,1,1,9,5,1/9/2026 12:00:00 AM,MQ,3961,13303,MIA,"Miami, FL",FL,15624,VPS,"Valparaiso, FL",FL,2200,2151.0,-9.0,0.0,0.0,2200-2259,2259,737.0,,,,2200-2259,0.0,1.0,119.0,,,499.0,2
2026,1,1,9,5,1/9/2026 12:00:00 AM,OH,5282,11278,DCA,"Washington, DC",VA,12197,HPN,"White Plains, NY",NY,802,753.0,-9.0,0.0,0.0,0800-0859,929,1221.0,,,,0900-0959,0.0,1.0,87.0,,,234.0,1
2026,1,1,9,5,1/9/2026 12:00:00 AM,OO,5574,13930,ORD,"Chicago, IL",IL,14576,ROC,"Rochester, NY",NY,1355,1347.0,-8.0,0.0,0.0,1300-1359,1648,1236.0,,,,1600-1659,0.0,1.0,113.0,,,528.0,3
2026,1,1,9,5,1/9/2026 12:00:00 AM,WN,2272,12339,IND,"Indianapolis, IN",IN,13204,MCO,"Orlando, FL",FL,600,559.0,-1.0,0.0,0.0,0600-0659,825,1013.0,,,,0800-0859,0.0,1.0,145.0,,,829.0,4
2026,1,1,9,5,1/9/2026 12:00:00 AM,WN,249,14893,SMF,"Sacramento, CA",CA,12889,LAS,"Las Vegas, NV",NV,1730,1730.0,0.0,0.0,0.0,1700-1759,1855,2045.0,,,,1800-1859,0.0,1.0,85.0,,,397.0,2
2026,1,1,9,5,1/9/2026 12:00:00 AM,WN,2783,10693,BNA,"Nashville, TN",TN,15624,VPS,"Valparaiso, FL",FL,1720,1723.0,3.0,3.0,0.0,1700-1759,1855,,,,,1800-1859,0.0,1.0,95.0,,,389.0,2
2026,1,1,9,5,1/9/2026 12:00:00 AM,WN,3229,12889,LAS,"Las Vegas, NV",NV,13891,ONT,"Ontario, CA",CA,1110,1106.0,-4.0,0.0,0.0,1100-1159,1215,1358.0,,,,1200-1259,0.0,1.0,65.0,,,197.0,1
2026,1,1,9,5,1/9/2026 12:00:00 AM,YX,3640,12264,IAD,"Washington, DC",VA,14576,ROC,"Rochester, NY",NY,1735,1728.0,-7.0,0.0,0.0,1700-1759,1906,2201.0,,,,1900-1959,0.0,1.0,91.0,,,287.0,2
2026,1,1,10,6,1/10/2026 12:00:00 AM,AA,1141,12953,LGA,"New York, NY",NY,11298,DFW,"Dallas/Fort Worth, TX",TX,1515,1832.0,197.0,197.0,1.0,1500-1559,1840,108.0,,,,1800-1859,0.0,1.0,265.0,,,1389.0,6
2026,1,1,10,6,1/10/2026 12:00:00 AM,AA,1817,11278,DCA,"Washington, DC",VA,14107,PHX,"Phoenix, AZ",AZ,700,657.0,-3.0,0.0,0.0,0700-0759,1029,1139.0,,,,1000-1059,0.0,1.0,329.0,,,1979.0,8
2026,1,1,10,6,1/10/2026 12:00:00 AM,AA,2839,11057,CLT,"Charlotte, NC",NC,11624,EYW,"Key West, FL",FL,1930,1931.0,1.0,1.0,0.0,1900-1959,2147,31.0,,,,2100-2159,0.0,1.0,137.0,,,736.0,3
2026,1,1,10,6,1/10/2026 12:00:00 AM,AA,986,11278,DCA,"Washington, DC",VA,14635,RSW,"Fort Myers, FL",FL,1424,1425.0,1.0,1.0,0.0,1400-1459,1717,2150.0,,,,1700-1759,0.0,1.0,173.0,,,892.0,4
2026,1,1,10,6,1/10/2026 12:00:00 AM,B6,2841,12478,JFK,"New York, NY",NY,14685,SAV,"Savannah, GA",GA,1657,1645.0,-12.0,0.0,0.0,1600-1659,1928,2116.0,,,,1900-1959,0.0,1.0,151.0,,,717.0,3
2026,1,1,10,6,1/10/2026 12:00:00 AM,DL,1704,11423,DSM,"Des Moines, IA",IA,10397,ATL,"Atlanta, GA",GA,1303,1405.0,62.0,62.0,1.0,1300-1359,1612,2020.0,,,,1600-1659,0.0,1.0,129.0,,,743.0,3
2026,1,1,10,6,1/10/2026 12:00:00 AM,DL,2427,11109,COS,"Colorado Springs, CO",CO,10397,ATL,"Atlanta, GA",GA,1321,1430.0,69.0,69.0,1.0,1300-1359,1825,2038.0,,,,1800-1859,0.0,1.0,184.0,,,1184.0,5
2026,1,1,10,6,1/10/2026 12:00:00 AM,DL,2716,13342,MKE,"Milwaukee, WI",WI,14869,SLC,"Salt Lake City, UT",UT,745,2210.0,865.0,865.0,1.0,0700-0759,1015,37.0,,,,1000-1059,0.0,1.0,210.0,,,1247.0,5
2026,1,1,10,6,1/10/2026 12:00:00 AM,DL,3103,14193,PNS,"Pensacola, FL",FL,10397,ATL,"Atlanta, GA",GA,1006,940.0,-26.0,0.0,0.0,1000-1059,1214,1357.0,,,,1200-1259,0.0,1.0,68.0,,,272.0,2
2026,1,1,10,6,1/10/2026 12:00:00 AM,DL,375,12982,LIH,"Lihue, HI",HI,14747,SEA,"Seattle, WA",WA,2245,37.0,112.0,112.0,1.0,2200-2259,627,,,,,0600-0659,0.0,1.0,342.0,,,2700.0,11
2026,1,1,10,6,1/10/2026 12:00:00 AM,DL,456,10721,BOS,"Boston, MA",MA,10397,ATL,"Atlanta, GA",GA,905,859.0,-6.0,0.0,0.0,0900-0959,1208,1424.0,,,,1200-1259,0.0,1.0,183.0,,,946.0,4
2026,1,1,10,6,1/10/2026 12:00:00 AM,DL,737,10397,ATL,"Atlanta, GA",GA,11278,DCA,"Washington, DC",VA,1100,1058.0,-2.0,0.0,0.0,1100-1159,1240,1629.0,,,,1200-1259,0.0,1.0,100.0,,,547.0,3
2026,1,1,10,6,1/10/2026 12:00:00 AM,OO,5138,13930,ORD,"Chicago, IL",IL,13282,MGW,"Morgantown, WV",WV,1620,1635.0,15.0,15.0,1.0,1600-1659,1902,2228.0,,,,1900-1959,0.0,1.0,102.0,,,449.0,2
2026,1,1,10,6,1/10/2026 12:00:00 AM,WN,1173,11259,DAL,"Dallas, TX",TX,10397,ATL,"Atlanta, GA",GA,845,841.0,-4.0,0.0,0.0,0800-0859,1140,1333.0,,,,1100-1159,0.0,1.0,115.0,,,721.0,3
2026,1,1,10,6,1/10/2026 12:00:00 AM,WN,2030,11292,DEN,"Denver, CO",CO,11986,GRR,"Grand Rapids, MI",MI,1750,1744.0,-6.0,0.0,0.0,1700-1759,2225,38.0,,,,2200-2259,0.0,1.0,155.0,,,1015.0,5
2026,1,1,10,6,1/10/2026 12:00:00 AM,WN,2691,13232,MDW,"Chicago, IL",IL,11986,GRR,"Grand Rapids, MI",MI,1930,1931.0,1.0,1.0,0.0,1900-1959,2125,2336.0,,,,2100-2159,0.0,1.0,55.0,,,137.0,1
2026,1,1,10,6,1/10/2026 12:00:00 AM,YX,3469,11066,CMH,"Columbus, OH",OH,13930,ORD,"Chicago, IL",IL,900,848.0,-12.0,0.0,0.0,0900-0959,942,1145.0,,,,0900-0959,0.0,1.0,102.0,,,296.0,2
2026,1,1,10,6,1/10/2026 12:00:00 AM,YX,4432,11278,DCA,"Washington, DC",VA,13244,MEM,"Memphis, TN",TN,1458,1501.0,3.0,3.0,0.0,1400-1459,1642,2004.0,,,,1600-1659,0.0,1.0,164.0,,,762.0,4
2026,1,1,11,7,1/11/2026 12:00:00 AM,AA,1149,10423,AUS,"Austin, TX",TX,13303,MIA,"Miami, FL",FL,1809,1847.0,38.0,38.0,1.0,1800-1859,2155,104.0,,,,2100-2159,0.0,1.0,166.0,,,1103.0,5
2026,1,1,11,7,1/11/2026 12:00:00 AM,AA,1419,11697,FLL,"Fort Lauderdale, FL",FL,11057,CLT,"Charlotte, NC",NC,1125,1117.0,-8.0,0.0,0.0,1100-1159,1331,1733.0,,,,1300-1359,0.0,1.0,126.0,,,632.0,3
2026,1,1,11,7,1/11/2026 12:00:00 AM,AA,1688,10721,BOS,"Boston, MA",MA,11057,CLT,"Charlotte, NC",NC,945,958.0,13.0,13.0,0.0,0900-0959,1220,1453.0,,,,1200-1259,0.0,1.0,155.0,,,728.0,3
2026,1,1,11,7,1/11/2026 12:00:00 AM,AA,1925,13303,MIA,"Miami, FL",FL,11298,DFW,"Dallas/Fort Worth, TX",TX,1202,1231.0,29.0,29.0,1.0,1200-1259,1433,1620.0,,,,1400-1459,0.0,1.0,211.0,,,1121.0,5
2026,1,1,11,7,1/11/2026 12:00:00 AM,AA,1955,14027,PBI,"West Palm Beach/Palm Beach, FL",FL,11057,CLT,"Charlotte, NC",NC,1224,1218.0,-6.0,0.0,0.0,1200-1259,1428,1635.0,,,,1400-1459,0.0,1.0,124.0,,,590.0,3
2026,1,1,11,7,1/11/2026 12:00:00 AM,AA,1969,14100,PHL,"Philadelphia, PA",PA,11057,CLT,"Charlotte, NC",NC,1025,1025.0,0.0,0.0,0.0,1000-1059,1221,1724.0,,,,1200-1259,0.0,1.0,116.0,,,449.0,2
2026,1,1,11,7,1/11/2026 12:00:00 AM,AA,2024,14635,RSW,"Fort Myers, FL",FL,11057,CLT,"Charlotte, NC",NC,1110,1100.0,-10.0,0.0,0.0,1100-1159,1308,1612.0,,,,1300-1359,0.0,1.0,118.0,,,600.0,3
2026,1,1,11,7,1/11/2026 12:00:00 AM,AA,2158,13495,MSY,"New Orleans, LA",LA,11057,CLT,"Charlotte, NC",NC,1025,1029.0,4.0,4.0,0.0,1000-1059,1331,1747.0,,,,1300-1359,0.0,1.0,126.0,,,650.0,3
2026,1,1,11,7,1/11/2026 12:00:00 AM,AA,2221,13931,ORF,"Norfolk, VA",VA,11057,CLT,"Charlotte, NC",NC,1218,1208.0,-10.0,0.0,0.0,1200-1259,1344,1536.0,,,,1300-1359,0.0,1.0,86.0,,,290.0,2
2026,1,1,11,7,1/11/2026 12:00:00 AM,AA,2585,12451,JAX,"Jacksonville, FL",FL,11057,CLT,"Charlotte, NC",NC,1153,1147.0,-6.0,0.0,0.0,1100-1159,1317,1706.0,,,,1300-1359,0.0,1.0,84.0,,,328.0,2
2026,1,1,11,7,1/11/2026 12:00:00 AM,AA,2816,15024,STT,"Charlotte Amalie, VI",VI,14100,PHL,"Philadelphia, PA",PA,1426,1441.0,15.0,15.0,1.0,1400-1459,1742,2003.0,,,,1700-1759,0.0,1.0,256.0,,,1605.0,7
2026,1,1,11,7,1/11/2026 12:00:00 AM,AA,2822,13303,MIA,"Miami, FL",FL,11057,CLT,"Charlotte, NC",NC,1113,1111.0,-2.0,0.0,0.0,1100-1159,1328,1918.0,,,,1300-1359,0.0,1.0,135.0,,,650.0,3
2026,1,1,11,7,1/11/2026 12:00:00 AM,AA,3068,14747,SEA,"Seattle, WA",WA,11057,CLT,"Charlotte, NC",NC,700,651.0,-9.0,0.0,0.0,0700-0759,1455,1729.0,,,,1400-1459,0.0,1.0,295.0,,,2279.0,10
2026,1,1,11,7,1/11/2026 12:00:00 AM,AA,3195,11433,DTW,"Detroit, MI",MI,11057,CLT,"Charlotte, NC",NC,1130,1122.0,-8.0,0.0,0.0,1100-1159,1327,1558.0,,,,1300-1359,0.0,1.0,117.0,,,500.0,3
2026,1,1,11,7,1/11/2026 12:00:00 AM,AA,3199,12478,JFK,"New York, NY",NY,11057,CLT,"Charlotte, NC",NC,1115,1113.0,-2.0,0.0,0.0,1100-1159,1328,1809.0,,,,1300-1359,0.0,1.0,133.0,,,542.0,3
2026,1,1,11,7,1/11/2026 12:00:00 AM,AA,3200,15024,STT,"Charlotte Amalie, VI",VI,11057,CLT,"Charlotte, NC",NC,1612,1841.0,149.0,149.0,1.0,1600-1659,1922,6.0,,,,1900-1959,0.0,1.0,250.0,,,1520.0,7
2026,1,1,11,7,1/11/2026 12:00:00 AM,AA,684,12982,LIH,"Lihue, HI",HI,14107,PHX,"Phoenix, AZ",AZ,2210,2224.0,14.0,14.0,0.0,2200-2259,717,902.0,,,,0700-0759,0.0,1.0,367.0,,,2979.0,11
2026,1,1,11,7,1/11/2026 12:00:00 AM,AS,1043,12173,HNL,"Honolulu, HI",HI,12982,LIH,"Lihue, HI",HI,909,910.0,1.0,1.0,0.0,0900-0959,952,1124.0,,,,0900-0959,0.0,1.0,43.0,,,102.0,1
2026,1,1,11,7,1/11/2026 12:00:00 AM,AS,60,12523,JNU,"Juneau, AK",AK,12819,KTN,"Ketchikan, AK",AK,720,718.0,-2.0,0.0,0.0,0700-0759,824,,,,,0800-0859,0.0,1.0,64.0,,,234.0,1
2026,1,1,11,7,1/11/2026 12:00:00 AM,AS,62,14828,SIT,"Sitka, AK",AK,12819,KTN,"Ketchikan, AK",AK,1130,1246.0,76.0,76.0,1.0,1100-1159,1225,,,,,1200-1259,0.0,1.0,55.0,,,183.0,1
2026,1,1,11,7,1/11/2026 12:00:00 AM,AS,64,15841,WRG,"Wrangell, AK",AK,12819,KTN,"Ketchikan, AK",AK,1625,1818.0,113.0,113.0,1.0,1600-1659,1704,,,,,1700-1759,0.0,1.0,39.0,,,82.0,1
2026,1,1,11,7,1/11/2026 12:00:00 AM,AS,67,14747,SEA,"Seattle, WA",WA,12819,KTN,"Ketchikan, AK",AK,1535,1750.0,135.0,135.0,1.0,1500-1559,1648,,,,,1600-1659,0.0,1.0,133.0,,,680.0,3
2026,1,1,11,7,1/11/2026 12:00:00 AM,AS,69,14747,SEA,"Seattle, WA",WA,12819,KTN,"Ketchikan, AK",AK,1833,1836.0,3.0,3.0,0.0,1800-1859,1946,,,,,1900-1959,0.0,1.0,133.0,,,680.0,3
2026,1,1,11,7,1/11/2026 12:00:00 AM,AS,904,12173,HNL,"Honolulu, HI",HI,14679,SAN,"San Diego, CA",CA,817,821.0,4.0,4.0,0.0,0800-0859,1540,1836.0,,,,1500-1559,0.0,1.0,323.0,,,2614.0,11
2026,1,1,11,7,1/11/2026 12:00:00 AM,AS,964,12982,LIH,"Lihue, HI",HI,12892,LAX,"Los Angeles, CA",CA,1430,1751.0,201.0,201.0,1.0,1400-1459,2202,312.0,,,,2200-2259,0.0,1.0,332.0,,,2615.0,11
2026,1,1,11,7,1/11/2026 12:00:00 AM,DL,1210,14869,SLC,"Salt Lake City, UT",UT,14679,SAN,"San Diego, CA",CA,1537,1535.0,-2.0,0.0,0.0,1500-1559,1636,1818.0,,,,1600-1659,0.0,1.0,119.0,,,626.0,3
2026,1,1,11,7,1/11/2026 12:00:00 AM,DL,1544,13487,MSP,"Minneapolis, MN",MN,13930,ORD,"Chicago, IL",IL,655,1005.0,190.0,190.0,1.0,0600-0659,840,1134.0,,,,0800-0859,0.0,1.0,105.0,,,334.0,2
2026,1,1,11,7,1/11/2026 12:00:00 AM,DL,2584,10397,ATL,"Atlanta, GA",GA,10257,ALB,"Albany, NY",NY,2145,2141.0,-4.0,0.0,0.0,2100-2159,2355,1348.0,,,,2300-2359,0.0,1.0,130.0,,,853.0,4
2026,1,1,11,7,1/11/2026 12:00:00 AM,DL,3160,10397,ATL,"Atlanta, GA",GA,11193,CVG,"Cincinnati, OH",KY,1159,1203.0,4.0,4.0,0.0,1100-1159,1320,1449.0,,,,1300-1359,0.0,1.0,81.0,,,373.0,2
2026,1,1,11,7,1/11/2026 12:00:00 AM,DL,511,13204,MCO,"Orlando, FL",FL,11193,CVG,"Cincinnati, OH",KY,1115,1112.0,-3.0,0.0,0.0,1100-1159,1330,1517.0,,,,1300-1359,0.0,1.0,135.0,,,757.0,4
2026,1,1,11,7,1/11/2026 12:00:00 AM,DL,661,11697,FLL,"Fort Lauderdale, FL",FL,11193,CVG,"Cincinnati, OH",KY,1059,1052.0,-7.0,0.0,0.0,1000-1059,1335,1515.0,,,,1300-1359,0.0,1.0,156.0,,,932.0,4
2026,1,1,11,7,1/11/2026 12:00:00 AM,F9,1383,14100,PHL,"Philadelphia, PA",PA,11057,CLT,"Charlotte, NC",NC,1035,1025.0,-10.0,0.0,0.0,1000-1059,1231,1518.0,,,,1200-1259,0.0,1.0,116.0,,,449.0,2
2026,1,1,11,7,1/11/2026 12:00:00 AM,F9,3938,10529,BDL,"Hartford, CT",CT,14843,SJU,"San Juan, PR",PR,1903,1942.0,39.0,39.0,1.0,1900-1959,2359,315.0,,,,2300-2359,0.0,1.0,236.0,,,1666.0,7
2026,1,1,11,7,1/11/2026 12:00:00 AM,G4,1449,15624,VPS,"Valparaiso, FL",FL,11193,CVG,"Cincinnati, OH",KY,1000,954.0,-6.0,0.0,0.0,1000-1059,1252,1528.0,,,,1200-1259,0.0,1.0,112.0,,,600.0,3
2026,1,1,11,7,1/11/2026 12:00:00 AM,G4,426,14986,SRQ,"Sarasota/Bradenton, FL",FL,11193,CVG,"Cincinnati, OH",KY,1016,1000.0,-16.0,0.0,0.0,1000-1059,1237,1453.0,,,,1200-1259,0.0,1.0,141.0,,,812.0,4
2026,1,1,11,7,1/11/2026 12:00:00 AM,MQ,3504,13930,ORD,"Chicago, IL",IL,10469,AZO,"Kalamazoo, MI",MI,1325,1324.0,-1.0,0.0,0.0,1300-1359,1525,2147.0,,,,1500-1559,0.0,1.0,60.0,,,122.0,1
2026,1,1,11,7,1/11/2026 12:00:00 AM,OH,5112,15249,TLH,"Tallahassee, FL",FL,11057,CLT,"Charlotte, NC",NC,1122,1148.0,26.0,26.0,1.0,1100-1159,1300,1559.0,,,,1300-1359,0.0,1.0,98.0,,,386.0,2
2026,1,1,11,7,1/11/2026 12:00:00 AM,OH,5291,11278,DCA,"Washington, DC",VA,10257,ALB,"Albany, NY",NY,2210,2301.0,51.0,51.0,1.0,2200-2259,2338,1520.0,,,,2300-2359,0.0,1.0,88.0,,,318.0,2
2026,1,1,11,7,1/11/2026 12:00:00 AM,OH,5431,12197,HPN,"White Plains, NY",NY,11057,CLT,"Charlotte, NC",NC,1100,1044.0,-16.0,0.0,0.0,1100-1159,1310,2000.0,,,,1300-1359,0.0,1.0,130.0,,,564.0,3
2026,1,1,11,7,1/11/2026 12:00:00 AM,OH,5560,11042,CLE,"Cleveland, OH",OH,11057,CLT,"Charlotte, NC",NC,1048,1048.0,0.0,0.0,0.0,1000-1059,1245,1619.0,,,,1200-1259,0.0,1.0,117.0,,,430.0,2
2026,1,1,11,7,1/11/2026 12:00:00 AM,OH,5590,13577,MYR,"Myrtle Beach, SC",SC,11057,CLT,"Charlotte, NC",NC,1205,1156.0,-9.0,0.0,0.0,1200-1259,1319,1605.0,,,,1300-1359,0.0,1.0,74.0,,,157.0,1
2026,1,1,11,7,1/11/2026 12:00:00 AM,OO,3195,14107,PHX,"Phoenix, AZ",AZ,14679,SAN,"San Diego, CA",CA,1545,1546.0,1.0,1.0,0.0,1500-1559,1602,1850.0,,,,1600-1659,0.0,1.0,77.0,,,304.0,2
2026,1,1,11,7,1/11/2026 12:00:00 AM,OO,3479,14771,SFO,"San Francisco, CA",CA,14679,SAN,"San Diego, CA",CA,1452,1449.0,-3.0,0.0,0.0,1400-1459,1630,1754.0,,,,1600-1659,0.0,1.0,98.0,,,447.0,2
2026,1,1,11,7,1/11/2026 12:00:00 AM,OO,3779,14747,SEA,"Seattle, WA",WA,13264,MFR,"Medford, OR",OR,945,935.0,-10.0,0.0,0.0,0900-0959,1118,1424.0,,,,1100-1159,0.0,1.0,93.0,,,352.0,2
2026,1,1,11,7,1/11/2026 12:00:00 AM,OO,3806,14869,SLC,"Salt Lake City, UT",UT,13264,MFR,"Medford, OR",OR,1117,1104.0,-13.0,0.0,0.0,1100-1159,1225,1459.0,,,,1200-1259,0.0,1.0,128.0,,,575.0,3
2026,1,1,11,7,1/11/2026 12:00:00 AM,OO,4981,11003,CID,"Cedar Rapids/Iowa City, IA",IA,14107,PHX,"Phoenix, AZ",AZ,1431,1444.0,13.0,13.0,0.0,1400-1459,1709,913.0,,,,1700-1759,0.0,1.0,218.0,,,1252.0,6
2026,1,1,11,7,1/11/2026 12:00:00 AM,OO,5532,13930,ORD,"Chicago, IL",IL,10990,CHO,"Charlottesville, VA",VA,1035,1031.0,-4.0,0.0,0.0,1000-1059,1342,1540.0,,,,1300-1359,0.0,1.0,127.0,,,566.0,3
2026,1,1,11,7,1/11/2026 12:00:00 AM,UA,2365,15024,STT,"Charlotte Amalie, VI",VI,13930,ORD,"Chicago, IL",IL,1505,1510.0,5.0,5.0,0.0,1500-1559,1845,2015.0,,,,1800-1859,0.0,1.0,340.0,,,2116.0,9
2026,1,1,11,7,1/11/2026 12:00:00 AM,UA,2435,13303,MIA,"Miami, FL",FL,12264,IAD,"Washington, DC",VA,1345,1343.0,-2.0,0.0,0.0,1300-1359,1625,1958.0,,,,1600-1659,0.0,1.0,160.0,,,922.0,4
2026,1,1,11,7,1/11/2026 12:00:00 AM,WN,1091,11259,DAL,"Dallas, TX",TX,11278,DCA,"Washington, DC",VA,1640,1954.0,194.0,194.0,1.0,1600-1659,2025,25.0,,,,2000-2059,0.0,1.0,165.0,,,1184.0,5
2026,1,1,11,7,1/11/2026 12:00:00 AM,WN,1809,12173,HNL,"Honolulu, HI",HI,14679,SAN,"San Diego, CA",CA,805,806.0,1.0,1.0,0.0,0800-0859,1540,1728.0,,,,1500-1559,0.0,1.0,335.0,,,2614.0,11
2026,1,1,11,7,1/11/2026 12:00:00 AM,WN,2546,12889,LAS,"Las Vegas, NV",NV,14679,SAN,"San Diego, CA",CA,1445,1444.0,-1.0,0.0,0.0,1400-1459,1555,1812.0,,,,1500-1559,0.0,1.0,70.0,,,258.0,2
2026,1,1,11,7,1/11/2026 12:00:00 AM,WN,3207,14107,PHX,"Phoenix, AZ",AZ,14679,SAN,"San Diego, CA",CA,1545,1543.0,-2.0,0.0,0.0,1500-1559,1555,1729.0,,,,1500-1559,0.0,1.0,70.0,,,304.0,2
2026,1,1,11,7,1/11/2026 12:00:00 AM,WN,3608,14869,SLC,"Salt Lake City, UT",UT,14679,SAN,"San Diego, CA",CA,1510,1507.0,-3.0,0.0,0.0,1500-1559,1615,1822.0,,,,1600-1659,0.0,1.0,125.0,,,626.0,3
2026,1,1,11,7,1/11/2026 12:00:00 AM,WN,486,12191,HOU,"Houston, TX",TX,13891,ONT,"Ontario, CA",CA,745,736.0,-9.0,0.0,0.0,0700-0759,920,,,,,0900-0959,0.0,1.0,215.0,,,1345.0,6
2026,1,1,11,7,1/11/2026 12:00:00 AM,WN,595,13796,OAK,"Oakland, CA",CA,14679,SAN,"San Diego, CA",CA,1445,1440.0,-5.0,0.0,0.0,1400-1459,1615,1735.0,,,,1600-1659,0.0,1.0,90.0,,,446.0,2
2026,1,1,11,7,1/11/2026 12:00:00 AM,WN,681,14893,SMF,"Sacramento, CA",CA,14679,SAN,"San Diego, CA",CA,1500,1457.0,-3.0,0.0,0.0,1500-1559,1630,1834.0,,,,1600-1659,0.0,1.0,90.0,,,480.0,2
2026,1,1,11,7,1/11/2026 12:00:00 AM,YX,3517,13930,ORD,"Chicago, IL",IL,15096,SYR,"Syracuse, NY",NY,1810,1808.0,-2.0,0.0,0.0,1800-1859,2120,31.0,,,,2100-2159,0.0,1.0,130.0,,,607.0,3
2026,1,1,11,7,1/11/2026 12:00:00 AM,YX,4418,10431,AVL,"Asheville, NC",NC,12953,LGA,"New York, NY",NY,1404,1356.0,-8.0,0.0,0.0,1400-1459,1600,1721.0,,,,1600-1659,0.0,1.0,116.0,,,599.0,3
2026,1,1,12,1,1/12/2026 12:00:00 AM,AA,2319,13930,ORD,"Chicago, IL",IL,14107,PHX,"Phoenix, AZ",AZ,1210,1449.0,159.0,159.0,1.0,1200-1259,1511,1854.0,,,,1500-1559,0.0,1.0,241.0,,,1440.0,6
2026,1,1,12,1,1/12/2026 12:00:00 AM,AA,2735,13303,MIA,"Miami, FL",FL,15024,STT,"Charlotte Amalie, VI",VI,1320,1340.0,20.0,20.0,1.0,1300-1359,1705,2035.0,,,,1700-1759,0.0,1.0,165.0,,,1107.0,5
2026,1,1,12,1,1/12/2026 12:00:00 AM,AS,323,14570,RNO,"Reno, NV",NV,14747,SEA,"Seattle, WA",WA,700,653.0,-7.0,0.0,0.0,0700-0759,911,1140.0,,,,0900-0959,0.0,1.0,131.0,,,564.0,3
2026,1,1,12,1,1/12/2026 12:00:00 AM,AS,749,13198,MCI,"Kansas City, MO",MO,14057,PDX,"Portland, OR",OR,1559,1539.0,-20.0,0.0,0.0,1500-1559,1757,1907.0,,,,1700-1759,0.0,1.0,238.0,,,1482.0,6
2026,1,1,12,1,1/12/2026 12:00:00 AM,AS,792,14747,SEA,"Seattle, WA",WA,15023,STS,"Santa Rosa, CA",CA,2159,2142.0,-17.0,0.0,0.0,2100-2159,2359,,,,,2300-2359,0.0,1.0,120.0,,,618.0,3
2026,1,1,12,1,1/12/2026 12:00:00 AM,DL,375,12982,LIH,"Lihue, HI",HI,14747,SEA,"Seattle, WA",WA,2245,2351.0,66.0,66.0,1.0,2200-2259,627,,,,,0600-0659,0.0,1.0,342.0,,,2700.0,11
2026,1,1,12,1,1/12/2026 12:00:00 AM,G4,2783,11697,FLL,"Fort Lauderdale, FL",FL,12917,LCK,"Columbus, OH",OH,926,925.0,-1.0,0.0,0.0,0900-0959,1211,1558.0,,,,1200-1259,0.0,1.0,165.0,,,961.0,4
2026,1,1,12,1,1/12/2026 12:00:00 AM,OO,3337,14057,PDX,"Portland, OR",OR,13264,MFR,"Medford, OR",OR,1055,1120.0,25.0,25.0,1.0,1000-1059,1157,1552.0,,,,1100-1159,0.0,1.0,62.0,,,222.0,1
2026,1,1,12,1,1/12/2026 12:00:00 AM,OO,4789,11292,DEN,"Denver, CO",CO,13264,MFR,"Medford, OR",OR,1115,1112.0,-3.0,0.0,0.0,1100-1159,1319,1548.0,,,,1300-1359,0.0,1.0,184.0,,,964.0,4
2026,1,1,12,1,1/12/2026 12:00:00 AM,UA,487,12266,IAH,"Houston, TX",TX,14771,SFO,"San Francisco, CA",CA,525,518.0,-7.0,0.0,0.0,0001-0559,749,913.0,,,,0700-0759,0.0,1.0,264.0,,,1635.0,7
2026,1,1,12,1,1/12/2026 12:00:00 AM,YX,4806,11423,DSM,"Des Moines, IA",IA,11278,DCA,"Washington, DC",VA,1316,1331.0,15.0,15.0,1.0,1300-1359,1644,1913.0,,,,1600-1659,0.0,1.0,148.0,,,897.0,4
2026,1,1,13,2,1/13/2026 12:00:00 AM,AA,1442,13244,MEM,"Memphis, TN",TN,13303,MIA,"Miami, FL",FL,600,548.0,-12.0,0.0,0.0,0600-0659,930,1017.0,,,,0900-0959,0.0,1.0,150.0,,,859.0,4
2026,1,1,13,2,1/13/2026 12:00:00 AM,AA,1594,13930,ORD,"Chicago, IL",IL,12953,LGA,"New York, NY",NY,1705,1742.0,37.0,37.0,1.0,1700-1759,2015,2327.0,,,,2000-2059,0.0,1.0,130.0,,,733.0,3
2026,1,1,13,2,1/13/2026 12:00:00 AM,AA,2974,13930,ORD,"Chicago, IL",IL,14100,PHL,"Philadelphia, PA",PA,809,805.0,-4.0,0.0,0.0,0800-0859,1110,1420.0,,,,1100-1159,0.0,1.0,121.0,,,678.0,3
2026,1,1,13,2,1/13/2026 12:00:00 AM,AS,1346,12892,LAX,"Los Angeles, CA",CA,14004,PAE,"Everett, WA",WA,1956,1954.0,-2.0,0.0,0.0,1900-1959,2255,,,,,2200-2259,0.0,1.0,179.0,,,984.0,4
2026,1,1,13,2,1/13/2026 12:00:00 AM,AS,62,14828,SIT,"Sitka, AK",AK,12819,KTN,"Ketchikan, AK",AK,1130,1129.0,-1.0,0.0,0.0,1100-1159,1225,,,,,1200-1259,0.0,1.0,55.0,,,183.0,1
2026,1,1,13,2,1/13/2026 12:00:00 AM,AS,64,15841,WRG,"Wrangell, AK",AK,12819,KTN,"Ketchikan, AK",AK,1625,1646.0,21.0,21.0,1.0,1600-1659,1704,,,,,1700-1759,0.0,1.0,39.0,,,82.0,1
2026,1,1,13,2,1/13/2026 12:00:00 AM,AS,67,14747,SEA,"Seattle, WA",WA,12819,KTN,"Ketchikan, AK",AK,1535,1557.0,22.0,22.0,1.0,1500-1559,1648,,,,,1600-1659,0.0,1.0,133.0,,,680.0,3
2026,1,1,13,2,1/13/2026 12:00:00 AM,AS,69,14747,SEA,"Seattle, WA",WA,12819,KTN,"Ketchikan, AK",AK,1833,1826.0,-7.0,0.0,0.0,1800-1859,1946,,,,,1900-1959,0.0,1.0,133.0,,,680.0,3
2026,1,1,13,2,1/13/2026 12:00:00 AM,F9,1237,12391,ISP,"Islip, NY",NY,13204,MCO,"Orlando, FL",FL,800,755.0,-5.0,0.0,0.0,0800-0859,1108,1747.0,,,,1100-1159,0.0,1.0,188.0,,,971.0,4
2026,1,1,13,2,1/13/2026 12:00:00 AM,OO,4305,13487,MSP,"Minneapolis, MN",MN,14520,RHI,"Rhinelander, WI",WI,905,855.0,-10.0,0.0,0.0,0900-0959,1023,1205.0,,,,1000-1059,0.0,1.0,78.0,,,190.0,1
2026,1,1,13,2,1/13/2026 12:00:00 AM,OO,5132,11292,DEN,"Denver, CO",CO,11097,COD,"Cody, WY",WY,2055,2047.0,-8.0,0.0,0.0,2000-2059,2244,2346.0,,,,2200-2259,0.0,1.0,109.0,,,391.0,2
2026,1,1,13,2,1/13/2026 12:00:00 AM,OO,5366,11292,DEN,"Denver, CO",CO,13433,MOT,"Minot, ND",ND,2030,2029.0,-1.0,0.0,0.0,2000-2059,2340,1354.0,,,,2300-2359,0.0,1.0,130.0,,,604.0,3
2026,1,1,13,2,1/13/2026 12:00:00 AM,WN,1287,11292,DEN,"Denver, CO",CO,11259,DAL,"Dallas, TX",TX,1225,1231.0,6.0,6.0,0.0,1200-1259,1525,1643.0,,,,1500-1559,0.0,1.0,120.0,,,651.0,3
2026,1,1,13,2,1/13/2026 12:00:00 AM,WN,32,12191,HOU,"Houston, TX",TX,11259,DAL,"Dallas, TX",TX,1400,1400.0,0.0,0.0,0.0,1400-1459,1505,1649.0,,,,1500-1559,0.0,1.0,65.0,,,239.0,1
2026,1,1,13,2,1/13/2026 12:00:00 AM,WN,3274,15304,TPA,"Tampa, FL",FL,11259,DAL,"Dallas, TX",TX,1345,1338.0,-7.0,0.0,0.0,1300-1359,1540,1728.0,,,,1500-1559,0.0,1.0,175.0,,,917.0,4
2026,1,1,13,2,1/13/2026 12:00:00 AM,WN,383,14107,PHX,"Phoenix, AZ",AZ,11259,DAL,"Dallas, TX",TX,1135,1134.0,-1.0,0.0,0.0,1100-1159,1500,1631.0,,,,1500-1559,0.0,1.0,145.0,,,879.0,4
2026,1,1,13,2,1/13/2026 12:00:00 AM,WN,3910,15376,TUS,"Tucson, AZ",AZ,11259,DAL,"Dallas, TX",TX,1205,1158.0,-7.0,0.0,0.0,1200-1259,1515,1705.0,,,,1500-1559,0.0,1.0,130.0,,,824.0,4
2026,1,1,13,2,1/13/2026 12:00:00 AM,WN,3941,14679,SAN,"San Diego, CA",CA,11259,DAL,"Dallas, TX",TX,1010,1005.0,-5.0,0.0,0.0,1000-1059,1505,1645.0,,,,1500-1559,0.0,1.0,175.0,,,1182.0,5
2026,1,1,13,2,1/13/2026 12:00:00 AM,WN,4212,14893,SMF,"Sacramento, CA",CA,11259,DAL,"Dallas, TX",TX,935,931.0,-4.0,0.0,0.0,0900-0959,1450,1628.0,,,,1400-1459,0.0,1.0,195.0,,,1442.0,6
2026,1,1,13,2,1/13/2026 12:00:00 AM,WN,955,10821,BWI,"Baltimore, MD",MD,13232,MDW,"Chicago, IL",IL,1345,1350.0,5.0,5.0,0.0,1300-1359,1455,,,,,1400-1459,0.0,1.0,130.0,,,611.0,3
2026,1,1,13,2,1/13/2026 12:00:00 AM,YX,3410,11618,EWR,"Newark, NJ",NJ,12339,IND,"Indianapolis, IN",IN,1632,1624.0,-8.0,0.0,0.0,1600-1659,1855,2013.0,,,,1800-1859,0.0,1.0,143.0,,,645.0,3
2026,1,1,14,3,1/14/2026 12:00:00 AM,AA,1187,11618,EWR,"Newark, NJ",NJ,13930,ORD,"Chicago, IL",IL,700,659.0,-1.0,0.0,0.0,0700-0759,853,1321.0,,,,0800-0859,0.0,1.0,173.0,,,719.0,3
2026,1,1,14,3,1/14/2026 12:00:00 AM,AA,1196,11618,EWR,"Newark, NJ",NJ,13303,MIA,"Miami, FL",FL,521,517.0,-4.0,0.0,0.0,0001-0559,844,1041.0,,,,0800-0859,0.0,1.0,203.0,,,1085.0,5
2026,1,1,14,3,1/14/2026 12:00:00 AM,AA,1231,14492,RDU,"Raleigh/Durham, NC",NC,13303,MIA,"Miami, FL",FL,600,556.0,-4.0,0.0,0.0,0600-0659,822,929.0,,,,0800-0859,0.0,1.0,142.0,,,700.0,3
2026,1,1,14,3,1/14/2026 12:00:00 AM,AA,1232,11278,DCA,"Washington, DC",VA,13303,MIA,"Miami, FL",FL,555,546.0,-9.0,0.0,0.0,0001-0559,853,1215.0,,,,0800-0859,0.0,1.0,178.0,,,919.0,4
2026,1,1,14,3,1/14/2026 12:00:00 AM,AA,1283,12339,IND,"Indianapolis, IN",IN,13303,MIA,"Miami, FL",FL,600,553.0,-7.0,0.0,0.0,0600-0659,905,1117.0,,,,0900-0959,0.0,1.0,185.0,,,1020.0,5
2026,1,1,14,3,1/14/2026 12:00:00 AM,AA,1328,10721,BOS,"Boston, MA",MA,13930,ORD,"Chicago, IL",IL,700,652.0,-8.0,0.0,0.0,0700-0759,905,1307.0,,,,0900-0959,0.0,1.0,185.0,,,867.0,4
2026,1,1,14,3,1/14/2026 12:00:00 AM,AA,1388,15304,TPA,"Tampa, FL",FL,13930,ORD,"Chicago, IL",IL,701,651.0,-10.0,0.0,0.0,0700-0759,905,1232.0,,,,0900-0959,0.0,1.0,184.0,,,1012.0,5
2026,1,1,14,3,1/14/2026 12:00:00 AM,AA,1409,11057,CLT,"Charlotte, NC",NC,13930,ORD,"Chicago, IL",IL,750,747.0,-3.0,0.0,0.0,0700-0759,905,1223.0,,,,0900-0959,0.0,1.0,135.0,,,599.0,3
2026,1,1,14,3,1/14/2026 12:00:00 AM,AA,1442,13244,MEM,"Memphis, TN",TN,13303,MIA,"Miami, FL",FL,600,555.0,-5.0,0.0,0.0,0600-0659,930,1025.0,,,,0900-0959,0.0,1.0,150.0,,,859.0,4
2026,1,1,14,3,1/14/2026 12:00:00 AM,AA,1443,10397,ATL,"Atlanta, GA",GA,13303,MIA,"Miami, FL",FL,538,540.0,2.0,2.0,0.0,0001-0559,740,1022.0,,,,0700-0759,0.0,1.0,122.0,,,594.0,3
2026,1,1,14,3,1/14/2026 12:00:00 AM,AA,1501,14843,SJU,"San Juan, PR",PR,13303,MIA,"Miami, FL",FL,600,549.0,-11.0,0.0,0.0,0600-0659,808,1153.0,,,,0800-0859,0.0,1.0,188.0,,,1045.0,5
2026,1,1,14,3,1/14/2026 12:00:00 AM,AA,1540,14843,SJU,"San Juan, PR",PR,13930,ORD,"Chicago, IL",IL,600,552.0,-8.0,0.0,0.0,0600-0659,935,1216.0,,,,0900-0959,0.0,1.0,335.0,,,2072.0,9
2026,1,1,14,3,1/14/2026 12:00:00 AM,AA,1541,13204,MCO,"Orlando, FL",FL,13303,MIA,"Miami, FL",FL,700,653.0,-7.0,0.0,0.0,0700-0759,816,1008.0,,,,0800-0859,0.0,1.0,76.0,,,192.0,1
2026,1,1,14,3,1/14/2026 12:00:00 AM,AA,1585,13204,MCO,"Orlando, FL",FL,13930,ORD,"Chicago, IL",IL,640,627.0,-13.0,0.0,0.0,0600-0659,850,1216.0,,,,0800-0859,0.0,1.0,190.0,,,1005.0,5
2026,1,1,14,3,1/14/2026 12:00:00 AM,AA,1691,11298,DFW,"Dallas/Fort Worth, TX",TX,14771,SFO,"San Francisco, CA",CA,2115,2113.0,-2.0,0.0,0.0,2100-2159,2312,34.0,,,,2300-2359,0.0,1.0,237.0,,,1464.0,6
2026,1,1,14,3,1/14/2026 12:00:00 AM,AA,1710,14683,SAT,"San Antonio, TX",TX,13930,ORD,"Chicago, IL",IL,604,553.0,-11.0,0.0,0.0,0600-0659,853,1302.0,,,,0800-0859,0.0,1.0,169.0,,,1041.0,5
2026,1,1,14,3,1/14/2026 12:00:00 AM,AA,2344,11278,DCA,"Washington, DC",VA,13303,MIA,"Miami, FL",FL,500,459.0,-1.0,0.0,0.0,0001-0559,758,1000.0,,,,0700-0759,0.0,1.0,178.0,,,919.0,4
2026,1,1,14,3,1/14/2026 12:00:00 AM,AA,2543,10994,CHS,"Charleston, SC",SC,13303,MIA,"Miami, FL",FL,600,554.0,-6.0,0.0,0.0,0600-0659,758,1038.0,,,,0700-0759,0.0,1.0,118.0,,,489.0,2
2026,1,1,14,3,1/14/2026 12:00:00 AM,AA,2591,10721,BOS,"Boston, MA",MA,13303,MIA,"Miami, FL",FL,515,541.0,26.0,26.0,1.0,0001-0559,906,1205.0,,,,0900-0959,0.0,1.0,231.0,,,1258.0,6
2026,1,1,14,3,1/14/2026 12:00:00 AM,AA,2960,11057,CLT,"Charlotte, NC",NC,13303,MIA,"Miami, FL",FL,630,625.0,-5.0,0.0,0.0,0600-0659,847,1224.0,,,,0800-0859,0.0,1.0,137.0,,,650.0,3
2026,1,1,14,3,1/14/2026 12:00:00 AM,AA,2975,14122,PIT,"Pittsburgh, PA",PA,13930,ORD,"Chicago, IL",IL,806,752.0,-14.0,0.0,0.0,0800-0859,910,1532.0,,,,0900-0959,0.0,1.0,124.0,,,413.0,2
2026,1,1,14,3,1/14/2026 12:00:00 AM,AA,3002,12953,LGA,"New York, NY",NY,13930,ORD,"Chicago, IL",IL,659,656.0,-3.0,0.0,0.0,0600-0659,850,1253.0,,,,0800-0859,0.0,1.0,171.0,,,733.0,3
2026,1,1,14,3,1/14/2026 12:00:00 AM,AA,3051,13204,MCO,"Orlando, FL",FL,13930,ORD,"Chicago, IL",IL,810,802.0,-8.0,0.0,0.0,0800-0859,1020,1419.0,,,,1000-1059,0.0,1.0,190.0,,,1005.0,5
2026,1,1,14,3,1/14/2026 12:00:00 AM,AA,3213,13303,MIA,"Miami, FL",FL,13930,ORD,"Chicago, IL",IL,637,631.0,-6.0,0.0,0.0,0600-0659,905,1407.0,,,,0900-0959,0.0,1.0,208.0,,,1197.0,5
2026,1,1,14,3,1/14/2026 12:00:00 AM,AA,392,14635,RSW,"Fort Myers, FL",FL,13930,ORD,"Chicago, IL",IL,628,619.0,-9.0,0.0,0.0,0600-0659,844,1128.0,,,,0800-0859,0.0,1.0,196.0,,,1120.0,5
2026,1,1,14,3,1/14/2026 12:00:00 AM,AA,836,12323,ILM,"Wilmington, NC",NC,13303,MIA,"Miami, FL",FL,600,547.0,-13.0,0.0,0.0,0600-0659,818,1218.0,,,,0800-0859,0.0,1.0,138.0,,,601.0,3
2026,1,1,14,3,1/14/2026 12:00:00 AM,AS,1269,13830,OGG,"Kahului, HI",HI,12982,LIH,"Lihue, HI",HI,1542,1548.0,6.0,6.0,0.0,1500-1559,1635,1837.0,,,,1600-1659,0.0,1.0,53.0,,,202.0,1
2026,1,1,14,3,1/14/2026 12:00:00 AM,AS,1346,12892,LAX,"Los Angeles, CA",CA,14004,PAE,"Everett, WA",WA,1956,1946.0,-10.0,0.0,0.0,1900-1959,2255,,,,,2200-2259,0.0,1.0,179.0,,,984.0,4
2026,1,1,14,3,1/14/2026 12:00:00 AM,AS,258,14747,SEA,"Seattle, WA",WA,12982,LIH,"Lihue, HI",HI,1125,1202.0,37.0,37.0,1.0,1100-1159,1555,2312.0,,,,1500-1559,0.0,1.0,390.0,,,2700.0,11
2026,1,1,14,3,1/14/2026 12:00:00 AM,AS,61,15991,YAK,"Yakutat, AK",AK,10926,CDV,"Cordova, AK",AK,1135,1211.0,36.0,36.0,1.0,1100-1159,1233,,,,,1200-1259,0.0,1.0,58.0,,,213.0,1
2026,1,1,14,3,1/14/2026 12:00:00 AM,B6,1369,10721,BOS,"Boston, MA",MA,11697,FLL,"Fort Lauderdale, FL",FL,1745,1820.0,35.0,35.0,1.0,1700-1759,2120,129.0,,,,2100-2159,0.0,1.0,215.0,,,1237.0,5
2026,1,1,14,3,1/14/2026 12:00:00 AM,B6,754,14843,SJU,"San Juan, PR",PR,11697,FLL,"Fort Lauderdale, FL",FL,601,548.0,-13.0,0.0,0.0,0600-0659,750,924.0,,,,0700-0759,0.0,1.0,169.0,,,1046.0,5
2026,1,1,14,3,1/14/2026 12:00:00 AM,DL,1452,14869,SLC,"Salt Lake City, UT",UT,11884,GEG,"Spokane, WA",WA,1114,1110.0,-4.0,0.0,0.0,1100-1159,1207,1450.0,,,,1200-1259,0.0,1.0,113.0,,,546.0,3
2026,1,1,14,3,1/14/2026 12:00:00 AM,DL,2256,14747,SEA,"Seattle, WA",WA,13198,MCI,"Kansas City, MO",MO,1755,2012.0,137.0,137.0,1.0,1700-1759,2323,1759.0,,,,2300-2359,0.0,1.0,208.0,,,1490.0,6
2026,1,1,14,3,1/14/2026 12:00:00 AM,DL,2575,13487,MSP,"Minneapolis, MN",MN,11648,FCA,"Kalispell, MT",MT,1231,1229.0,-2.0,0.0,0.0,1200-1259,1422,,,,,1400-1459,0.0,1.0,171.0,,,1025.0,5
2026,1,1,14,3,1/14/2026 12:00:00 AM,DL,2917,12953,LGA,"New York, NY",NY,13930,ORD,"Chicago, IL",IL,730,723.0,-7.0,0.0,0.0,0700-0759,927,1223.0,,,,0900-0959,0.0,1.0,177.0,,,733.0,3
2026,1,1,14,3,1/14/2026 12:00:00 AM,DL,494,12892,LAX,"Los Angeles, CA",CA,11433,DTW,"Detroit, MI",MI,800,756.0,-4.0,0.0,0.0,0800-0859,1526,1935.0,,,,1500-1559,0.0,1.0,266.0,,,1979.0,8
2026,1,1,14,3,1/14/2026 12:00:00 AM,MQ,3345,13230,MDT,"Harrisburg, PA",PA,13930,ORD,"Chicago, IL",IL,730,720.0,-10.0,0.0,0.0,0700-0759,859,1032.0,,,,0800-0859,0.0,1.0,149.0,,,594.0,3
2026,1,1,14,3,1/14/2026 12:00:00 AM,MQ,3351,10257,ALB,"Albany, NY",NY,13930,ORD,"Chicago, IL",IL,702,653.0,-9.0,0.0,0.0,0700-0759,855,1239.0,,,,0800-0859,0.0,1.0,173.0,,,723.0,3
2026,1,1,14,3,1/14/2026 12:00:00 AM,MQ,3362,11203,CWA,"Mosinee, WI",WI,13930,ORD,"Chicago, IL",IL,600,556.0,-4.0,0.0,0.0,0600-0659,738,1159.0,,,,0700-0759,0.0,1.0,98.0,,,213.0,1
2026,1,1,14,3,1/14/2026 12:00:00 AM,MQ,3367,10434,AVP,"Scranton/Wilkes-Barre, PA",PA,13930,ORD,"Chicago, IL",IL,728,724.0,-4.0,0.0,0.0,0700-0759,910,1131.0,,,,0900-0959,0.0,1.0,162.0,,,632.0,3
2026,1,1,14,3,1/14/2026 12:00:00 AM,MQ,3413,11995,GSO,"Greensboro/High Point, NC",NC,13930,ORD,"Chicago, IL",IL,740,734.0,-6.0,0.0,0.0,0700-0759,904,1312.0,,,,0900-0959,0.0,1.0,144.0,,,589.0,3
2026,1,1,14,3,1/14/2026 12:00:00 AM,MQ,3444,11977,GRB,"Green Bay, WI",WI,13930,ORD,"Chicago, IL",IL,600,558.0,-2.0,0.0,0.0,0600-0659,729,1211.0,,,,0700-0759,0.0,1.0,89.0,,,173.0,1
2026,1,1,14,3,1/14/2026 12:00:00 AM,MQ,3640,11995,GSO,"Greensboro/High Point, NC",NC,13303,MIA,"Miami, FL",FL,600,555.0,-5.0,0.0,0.0,0600-0659,815,1043.0,,,,0800-0859,0.0,1.0,135.0,,,710.0,3
2026,1,1,14,3,1/14/2026 12:00:00 AM,MQ,3655,11111,COU,"Columbia, MO",MO,13930,ORD,"Chicago, IL",IL,600,625.0,25.0,25.0,1.0,0600-0659,736,1240.0,,,,0700-0759,0.0,1.0,96.0,,,315.0,2
2026,1,1,14,3,1/14/2026 12:00:00 AM,MQ,3763,11278,DCA,"Washington, DC",VA,13930,ORD,"Chicago, IL",IL,659,655.0,-4.0,0.0,0.0,0600-0659,831,1121.0,,,,0800-0859,0.0,1.0,152.0,,,612.0,3
2026,1,1,14,3,1/14/2026 12:00:00 AM,MQ,3858,15249,TLH,"Tallahassee, FL",FL,13303,MIA,"Miami, FL",FL,615,610.0,-5.0,0.0,0.0,0600-0659,740,956.0,,,,0700-0759,0.0,1.0,85.0,,,402.0,2
2026,1,1,14,3,1/14/2026 12:00:00 AM,MQ,3878,15096,SYR,"Syracuse, NY",NY,13930,ORD,"Chicago, IL",IL,700,655.0,-5.0,0.0,0.0,0700-0759,842,1240.0,,,,0800-0859,0.0,1.0,162.0,,,607.0,3
2026,1,1,14,3,1/14/2026 12:00:00 AM,MQ,4109,13303,MIA,"Miami, FL",FL,14193,PNS,"Pensacola, FL",FL,2250,2246.0,-4.0,0.0,0.0,2200-2259,2346,220.0,,,,2300-2359,0.0,1.0,116.0,,,530.0,3
2026,1,1,14,3,1/14/2026 12:00:00 AM,MQ,4129,14783,SGF,"Springfield, MO",MO,13930,ORD,"Chicago, IL",IL,700,657.0,-3.0,0.0,0.0,0700-0759,850,1237.0,,,,0800-0859,0.0,1.0,110.0,,,438.0,2
2026,1,1,14,3,1/14/2026 12:00:00 AM,NK,1710,13303,MIA,"Miami, FL",FL,13930,ORD,"Chicago, IL",IL,554,554.0,0.0,0.0,0.0,0001-0559,818,1050.0,,,,0800-0859,0.0,1.0,204.0,,,1197.0,5
2026,1,1,14,3,1/14/2026 12:00:00 AM,OH,5367,11278,DCA,"Washington, DC",VA,11146,CRW,"Charleston/Dunbar, WV",WV,2040,2029.0,-11.0,0.0,0.0,2000-2059,2202,1010.0,,,,2200-2259,0.0,1.0,82.0,,,249.0,1
2026,1,1,14,3,1/14/2026 12:00:00 AM,OH,5405,13931,ORF,"Norfolk, VA",VA,13930,ORD,"Chicago, IL",IL,732,722.0,-10.0,0.0,0.0,0700-0759,910,1313.0,,,,0900-0959,0.0,1.0,158.0,,,717.0,3
2026,1,1,14,3,1/14/2026 12:00:00 AM,OO,3672,15096,SYR,"Syracuse, NY",NY,11433,DTW,"Detroit, MI",MI,1241,1651.0,250.0,250.0,1.0,1200-1259,1429,1758.0,,,,1400-1459,0.0,1.0,108.0,,,374.0,2
2026,1,1,14,3,1/14/2026 12:00:00 AM,OO,3699,14869,SLC,"Salt Lake City, UT",UT,11884,GEG,"Spokane, WA",WA,800,845.0,45.0,45.0,1.0,0800-0859,911,,,,,0900-0959,0.0,1.0,131.0,,,546.0,3
2026,1,1,14,3,1/14/2026 12:00:00 AM,OO,3795,13487,MSP,"Minneapolis, MN",MN,13232,MDW,"Chicago, IL",IL,705,713.0,8.0,8.0,0.0,0700-0759,908,1409.0,,,,0900-0959,0.0,1.0,123.0,,,349.0,2
2026,1,1,14,3,1/14/2026 12:00:00 AM,OO,3801,14869,SLC,"Salt Lake City, UT",UT,11648,FCA,"Kalispell, MT",MT,931,920.0,-11.0,0.0,0.0,0900-0959,1135,,,,,1100-1159,0.0,1.0,124.0,,,532.0,3
2026,1,1,14,3,1/14/2026 12:00:00 AM,OO,4112,14869,SLC,"Salt Lake City, UT",UT,13486,MSO,"Missoula, MT",MT,1005,1002.0,-3.0,0.0,0.0,1000-1059,1159,1547.0,,,,1100-1159,0.0,1.0,114.0,,,436.0,2
2026,1,1,14,3,1/14/2026 12:00:00 AM,OO,4628,10135,ABE,"Allentown/Bethlehem/Easton, PA",PA,13930,ORD,"Chicago, IL",IL,615,614.0,-1.0,0.0,0.0,0600-0659,758,1054.0,,,,0700-0759,0.0,1.0,163.0,,,654.0,3
2026,1,1,14,3,1/14/2026 12:00:00 AM,OO,4722,11995,GSO,"Greensboro/High Point, NC",NC,13930,ORD,"Chicago, IL",IL,800,752.0,-8.0,0.0,0.0,0800-0859,924,1153.0,,,,0900-0959,0.0,1.0,144.0,,,589.0,3
2026,1,1,14,3,1/14/2026 12:00:00 AM,OO,4739,13930,ORD,"Chicago, IL",IL,11884,GEG,"Spokane, WA",WA,916,1253.0,217.0,217.0,1.0,0900-0959,1139,,,,,1100-1159,0.0,1.0,263.0,,,1498.0,6
2026,1,1,14,3,1/14/2026 12:00:00 AM,OO,4775,11292,DEN,"Denver, CO",CO,11884,GEG,"Spokane, WA",WA,1340,1336.0,-4.0,0.0,0.0,1300-1359,1521,845.0,,,,1500-1559,0.0,1.0,161.0,,,836.0,4
2026,1,1,14,3,1/14/2026 12:00:00 AM,OO,4954,11433,DTW,"Detroit, MI",MI,13930,ORD,"Chicago, IL",IL,800,751.0,-9.0,0.0,0.0,0800-0859,858,1258.0,,,,0800-0859,0.0,1.0,118.0,,,235.0,1
2026,1,1,14,3,1/14/2026 12:00:00 AM,OO,4994,12945,LEX,"Lexington, KY",KY,13930,ORD,"Chicago, IL",IL,807,800.0,-7.0,0.0,0.0,0800-0859,900,1732.0,,,,0900-0959,0.0,1.0,113.0,,,323.0,2
2026,1,1,14,3,1/14/2026 12:00:00 AM,OO,5231,14696,SBN,"South Bend, IN",IN,13930,ORD,"Chicago, IL",IL,730,721.0,-9.0,0.0,0.0,0700-0759,748,1247.0,,,,0700-0759,0.0,1.0,78.0,,,84.0,1
2026,1,1,14,3,1/14/2026 12:00:00 AM,OO,5407,10990,CHO,"Charlottesville, VA",VA,13930,ORD,"Chicago, IL",IL,815,805.0,-10.0,0.0,0.0,0800-0859,931,1050.0,,,,0900-0959,0.0,1.0,136.0,,,566.0,3
2026,1,1,14,3,1/14/2026 12:00:00 AM,OO,5608,14108,PIA,"Peoria, IL",IL,13930,ORD,"Chicago, IL",IL,630,621.0,-9.0,0.0,0.0,0600-0659,802,1227.0,,,,0800-0859,0.0,1.0,92.0,,,130.0,1
2026,1,1,14,3,1/14/2026 12:00:00 AM,OO,5669,14771,SFO,"San Francisco, CA",CA,14252,PSC,"Pasco/Kennewick/Richland, WA",WA,1905,1901.0,-4.0,0.0,0.0,1900-1959,2110,1327.0,,,,2100-2159,0.0,1.0,125.0,,,620.0,3
2026,1,1,14,3,1/14/2026 12:00:00 AM,OO,5704,14771,SFO,"San Francisco, CA",CA,13264,MFR,"Medford, OR",OR,1041,1154.0,73.0,73.0,1.0,1000-1059,1214,1612.0,,,,1200-1259,0.0,1.0,93.0,,,329.0,2
2026,1,1,14,3,1/14/2026 12:00:00 AM,OO,5730,11292,DEN,"Denver, CO",CO,12441,JAC,"Jackson, WY",WY,800,753.0,-7.0,0.0,0.0,0800-0859,955,1131.0,,,,0900-0959,0.0,1.0,115.0,,,406.0,2
2026,1,1,14,3,1/14/2026 12:00:00 AM,OO,5799,13342,MKE,"Milwaukee, WI",WI,13930,ORD,"Chicago, IL",IL,500,619.0,79.0,79.0,1.0,0001-0559,622,1557.0,,,,0600-0659,0.0,1.0,82.0,,,67.0,1
2026,1,1,14,3,1/14/2026 12:00:00 AM,OO,5801,11146,CRW,"Charleston/Dunbar, WV",WV,13930,ORD,"Chicago, IL",IL,650,640.0,-10.0,0.0,0.0,0600-0659,759,1139.0,,,,0700-0759,0.0,1.0,129.0,,,416.0,2
2026,1,1,14,3,1/14/2026 12:00:00 AM,OO,6259,10693,BNA,"Nashville, TN",TN,13930,ORD,"Chicago, IL",IL,711,701.0,-10.0,0.0,0.0,0700-0759,920,1358.0,,,,0900-0959,0.0,1.0,129.0,,,409.0,2
2026,1,1,14,3,1/14/2026 12:00:00 AM,UA,1434,14771,SFO,"San Francisco, CA",CA,14679,SAN,"San Diego, CA",CA,1705,1852.0,107.0,107.0,1.0,1700-1759,1844,9.0,,,,1800-1859,0.0,1.0,99.0,,,447.0,2
2026,1,1,14,3,1/14/2026 12:00:00 AM,UA,1573,11278,DCA,"Washington, DC",VA,13930,ORD,"Chicago, IL",IL,825,813.0,-12.0,0.0,0.0,0800-0859,948,1233.0,,,,0900-0959,0.0,1.0,143.0,,,612.0,3
2026,1,1,14,3,1/14/2026 12:00:00 AM,UA,1684,11278,DCA,"Washington, DC",VA,13930,ORD,"Chicago, IL",IL,730,719.0,-11.0,0.0,0.0,0700-0759,852,1209.0,,,,0800-0859,0.0,1.0,142.0,,,612.0,3
2026,1,1,14,3,1/14/2026 12:00:00 AM,UA,1803,14122,PIT,"Pittsburgh, PA",PA,13930,ORD,"Chicago, IL",IL,700,654.0,-6.0,0.0,0.0,0700-0759,751,1413.0,,,,0700-0759,0.0,1.0,111.0,,,413.0,2
2026,1,1,14,3,1/14/2026 12:00:00 AM,UA,696,11292,DEN,"Denver, CO",CO,11648,FCA,"Kalispell, MT",MT,1935,1307.0,1052.0,1052.0,1.0,1900-1959,2159,,,,,2100-2159,0.0,1.0,144.0,,,752.0,4
2026,1,1,14,3,1/14/2026 12:00:00 AM,WN,1282,11259,DAL,"Dallas, TX",TX,13232,MDW,"Chicago, IL",IL,700,656.0,-4.0,0.0,0.0,0700-0759,910,1125.0,,,,0900-0959,0.0,1.0,130.0,,,793.0,4
2026,1,1,14,3,1/14/2026 12:00:00 AM,WN,1674,13204,MCO,"Orlando, FL",FL,13232,MDW,"Chicago, IL",IL,725,720.0,-5.0,0.0,0.0,0700-0759,920,1054.0,,,,0900-0959,0.0,1.0,175.0,,,990.0,4
2026,1,1,14,3,1/14/2026 12:00:00 AM,WN,1746,11697,FLL,"Fort Lauderdale, FL",FL,13232,MDW,"Chicago, IL",IL,700,651.0,-9.0,0.0,0.0,0700-0759,915,1123.0,,,,0900-0959,0.0,1.0,195.0,,,1167.0,5
2026,1,1,14,3,1/14/2026 12:00:00 AM,WN,2285,10821,BWI,"Baltimore, MD",MD,13232,MDW,"Chicago, IL",IL,745,739.0,-6.0,0.0,0.0,0700-0759,905,1040.0,,,,0900-0959,0.0,1.0,140.0,,,611.0,3
2026,1,1,14,3,1/14/2026 12:00:00 AM,WN,373,11259,DAL,"Dallas, TX",TX,14683,SAT,"San Antonio, TX",TX,1446,1404.0,-42.0,0.0,0.0,1400-1459,1430,1703.0,,,,1400-1459,0.0,1.0,-16.0,,,247.0,1
2026,1,1,14,3,1/14/2026 12:00:00 AM,WN,3753,15016,STL,"St. Louis, MO",MO,11042,CLE,"Cleveland, OH",OH,1755,1754.0,-1.0,0.0,0.0,1700-1759,2025,2315.0,,,,2000-2059,0.0,1.0,90.0,,,487.0,2
2026,1,1,14,3,1/14/2026 12:00:00 AM,WN,440,10599,BHM,"Birmingham, AL",AL,13232,MDW,"Chicago, IL",IL,720,710.0,-10.0,0.0,0.0,0700-0759,915,1226.0,,,,0900-0959,0.0,1.0,115.0,,,570.0,3
2026,1,1,14,3,1/14/2026 12:00:00 AM,WN,4668,14107,PHX,"Phoenix, AZ",AZ,11884,GEG,"Spokane, WA",WA,930,927.0,-3.0,0.0,0.0,0900-0959,1115,1706.0,,,,1100-1159,0.0,1.0,165.0,,,1020.0,5
2026,1,1,14,3,1/14/2026 12:00:00 AM,WN,4938,11292,DEN,"Denver, CO",CO,11884,GEG,"Spokane, WA",WA,835,839.0,4.0,4.0,0.0,0800-0859,1010,,,,,1000-1059,0.0,1.0,155.0,,,836.0,4
2026,1,1,14,3,1/14/2026 12:00:00 AM,WN,508,13495,MSY,"New Orleans, LA",LA,13232,MDW,"Chicago, IL",IL,645,642.0,-3.0,0.0,0.0,0600-0659,905,1200.0,,,,0900-0959,0.0,1.0,140.0,,,825.0,4
2026,1,1,14,3,1/14/2026 12:00:00 AM,WN,791,15304,TPA,"Tampa, FL",FL,13232,MDW,"Chicago, IL",IL,715,703.0,-12.0,0.0,0.0,0700-0759,905,1058.0,,,,0900-0959,0.0,1.0,170.0,,,997.0,4
2026,1,1,14,3,1/14/2026 12:00:00 AM,YX,3413,10980,CHA,"Chattanooga, TN",TN,13930,ORD,"Chicago, IL",IL,815,809.0,-6.0,0.0,0.0,0800-0859,929,1401.0,,,,0900-0959,0.0,1.0,134.0,,,501.0,3
2026,1,1,14,3,1/14/2026 12:00:00 AM,YX,4547,14492,RDU,"Raleigh/Durham, NC",NC,13930,ORD,"Chicago, IL",IL,718,714.0,-4.0,0.0,0.0,0700-0759,900,1324.0,,,,0900-0959,0.0,1.0,162.0,,,646.0,3
2026,1,1,14,3,1/14/2026 12:00:00 AM,YX,4595,10792,BUF,"Buffalo, NY",NY,13930,ORD,"Chicago, IL",IL,730,734.0,4.0,4.0,0.0,0700-0759,853,1134.0,,,,0800-0859,0.0,1.0,143.0,,,474.0,2
2026,1,1,14,3,1/14/2026 12:00:00 AM,YX,4720,10529,BDL,"Hartford, CT",CT,13930,ORD,"Chicago, IL",IL,700,649.0,-11.0,0.0,0.0,0700-0759,905,1345.0,,,,0900-0959,0.0,1.0,185.0,,,783.0,4
2026,1,1,15,4,1/15/2026 12:00:00 AM,AA,1459,14100,PHL,"Philadelphia, PA",PA,14027,PBI,"West Palm Beach/Palm Beach, FL",FL,1510,1505.0,-5.0,0.0,0.0,1500-1559,1806,2017.0,,,,1800-1859,0.0,1.0,176.0,,,951.0,4
2026,1,1,15,4,1/15/2026 12:00:00 AM,AA,1866,14107,PHX,"Phoenix, AZ",AZ,13476,MRY,"Monterey, CA",CA,1815,1814.0,-1.0,0.0,0.0,1800-1859,1905,954.0,,,,1900-1959,0.0,1.0,110.0,,,598.0,3
2026,1,1,15,4,1/15/2026 12:00:00 AM,AA,1948,11298,DFW,"Dallas/Fort Worth, TX",TX,14679,SAN,"San Diego, CA",CA,1552,1552.0,0.0,0.0,0.0,1500-1559,1709,847.0,,,,1700-1759,0.0,1.0,197.0,,,1171.0,5
2026,1,1,15,4,1/15/2026 12:00:00 AM,AA,2565,11278,DCA,"Washington, DC",VA,14027,PBI,"West Palm Beach/Palm Beach, FL",FL,1508,1523.0,15.0,15.0,1.0,1500-1559,1750,2109.0,,,,1700-1759,0.0,1.0,162.0,,,857.0,4
2026,1,1,15,4,1/15/2026 12:00:00 AM,AA,3326,12953,LGA,"New York, NY",NY,14027,PBI,"West Palm Beach/Palm Beach, FL",FL,1355,1355.0,0.0,0.0,0.0,1300-1359,1706,2045.0,,,,1700-1759,0.0,1.0,191.0,,,1035.0,5
2026,1,1,15,4,1/15/2026 12:00:00 AM,AA,717,11298,DFW,"Dallas/Fort Worth, TX",TX,14747,SEA,"Seattle, WA",WA,1045,1040.0,-5.0,0.0,0.0,1000-1059,1317,1505.0,,,,1300-1359,0.0,1.0,272.0,,,1660.0,7
2026,1,1,15,4,1/15/2026 12:00:00 AM,AA,846,11298,DFW,"Dallas/Fort Worth, TX",TX,14679,SAN,"San Diego, CA",CA,1755,1754.0,-1.0,0.0,0.0,1700-1759,1912,2219.0,,,,1900-1959,0.0,1.0,197.0,,,1171.0,5
2026,1,1,15,4,1/15/2026 12:00:00 AM,AS,1312,14057,PDX,"Portland, OR",OR,14679,SAN,"San Diego, CA",CA,1430,1428.0,-2.0,0.0,0.0,1400-1459,1659,2224.0,,,,1600-1659,0.0,1.0,149.0,,,933.0,4
2026,1,1,15,4,1/15/2026 12:00:00 AM,AS,1393,14057,PDX,"Portland, OR",OR,14771,SFO,"San Francisco, CA",CA,1751,1741.0,-10.0,0.0,0.0,1700-1759,1943,2131.0,,,,1900-1959,0.0,1.0,112.0,,,550.0,3
2026,1,1,15,4,1/15/2026 12:00:00 AM,AS,224,12982,LIH,"Lihue, HI",HI,14679,SAN,"San Diego, CA",CA,1025,1026.0,1.0,1.0,0.0,1000-1059,1807,2324.0,,,,1800-1859,0.0,1.0,342.0,,,2676.0,11
2026,1,1,15,4,1/15/2026 12:00:00 AM,AS,483,14679,SAN,"San Diego, CA",CA,13830,OGG,"Kahului, HI",HI,1845,2014.0,89.0,89.0,1.0,1800-1859,2259,152.0,,,,2200-2259,0.0,1.0,374.0,,,2540.0,11
2026,1,1,15,4,1/15/2026 12:00:00 AM,AS,621,14747,SEA,"Seattle, WA",WA,14679,SAN,"San Diego, CA",CA,1241,1259.0,18.0,18.0,1.0,1200-1259,1529,2125.0,,,,1500-1559,0.0,1.0,168.0,,,1050.0,5
2026,1,1,15,4,1/15/2026 12:00:00 AM,AS,64,12523,JNU,"Juneau, AK",AK,14256,PSG,"Petersburg, AK",AK,1332,1327.0,-5.0,0.0,0.0,1300-1359,1421,,,,,1400-1459,0.0,1.0,49.0,,,123.0,1
2026,1,1,15,4,1/15/2026 12:00:00 AM,AS,65,12819,KTN,"Ketchikan, AK",AK,15841,WRG,"Wrangell, AK",AK,902,849.0,-13.0,0.0,0.0,0900-0959,948,,,,,0900-0959,0.0,1.0,46.0,,,82.0,1
2026,1,1,15,4,1/15/2026 12:00:00 AM,AS,903,14679,SAN,"San Diego, CA",CA,12173,HNL,"Honolulu, HI",HI,1700,1830.0,90.0,90.0,1.0,1700-1759,2121,50.0,,,,2100-2159,0.0,1.0,381.0,,,2614.0,11
2026,1,1,15,4,1/15/2026 12:00:00 AM,AS,94,12889,LAS,"Las Vegas, NV",NV,14004,PAE,"Everett, WA",WA,2057,2053.0,-4.0,0.0,0.0,2000-2059,2347,,,,,2300-2359,0.0,1.0,170.0,,,894.0,4
2026,1,1,15,4,1/15/2026 12:00:00 AM,DL,2572,14747,SEA,"Seattle, WA",WA,14679,SAN,"San Diego, CA",CA,1400,1405.0,5.0,5.0,0.0,1400-1459,1640,,,,,1600-1659,0.0,1.0,160.0,,,1050.0,5
2026,1,1,15,4,1/15/2026 12:00:00 AM,DL,712,10397,ATL,"Atlanta, GA",GA,14679,SAN,"San Diego, CA",CA,1545,1544.0,-1.0,0.0,0.0,1500-1559,1739,2153.0,,,,1700-1759,0.0,1.0,294.0,,,1892.0,8
2026,1,1,15,4,1/15/2026 12:00:00 AM,DL,906,14869,SLC,"Salt Lake City, UT",UT,10397,ATL,"Atlanta, GA",GA,1320,1325.0,5.0,5.0,0.0,1300-1359,1859,2203.0,,,,1800-1859,0.0,1.0,219.0,,,1590.0,7
2026,1,1,15,4,1/15/2026 12:00:00 AM,DL,941,14747,SEA,"Seattle, WA",WA,13487,MSP,"Minneapolis, MN",MN,1200,2305.0,665.0,665.0,1.0,1200-1259,1731,419.0,,,,1700-1759,0.0,1.0,211.0,,,1399.0,6
2026,1,1,15,4,1/15/2026 12:00:00 AM,G4,5,12889,LAS,"Las Vegas, NV",NV,15919,XNA,"Fayetteville, AR",AR,700,701.0,1.0,1.0,0.0,0700-0759,1145,1411.0,,,,1100-1159,0.0,1.0,165.0,,,1163.0,5
2026,1,1,15,4,1/15/2026 12:00:00 AM,MQ,3863,14107,PHX,"Phoenix, AZ",AZ,13264,MFR,"Medford, OR",OR,1547,1544.0,-3.0,0.0,0.0,1500-1559,1728,,,,,1700-1759,0.0,1.0,161.0,,,855.0,4
2026,1,1,15,4,1/15/2026 12:00:00 AM,OO,3001,14747,SEA,"Seattle, WA",WA,11603,EUG,"Eugene, OR",OR,2315,2327.0,12.0,12.0,0.0,2300-2359,27,,,,,0001-0559,0.0,1.0,72.0,,,234.0,1
2026,1,1,15,4,1/15/2026 12:00:00 AM,OO,3220,10423,AUS,"Austin, TX",TX,14679,SAN,"San Diego, CA",CA,1539,1527.0,-12.0,0.0,0.0,1500-1559,1706,2101.0,,,,1700-1759,0.0,1.0,207.0,,,1164.0,5
2026,1,1,15,4,1/15/2026 12:00:00 AM,OO,3383,14698,SBP,"San Luis Obispo, CA",CA,14679,SAN,"San Diego, CA",CA,1512,1508.0,-4.0,0.0,0.0,1500-1559,1630,2107.0,,,,1600-1659,0.0,1.0,78.0,,,263.0,2
2026,1,1,15,4,1/15/2026 12:00:00 AM,OO,3437,14893,SMF,"Sacramento, CA",CA,14679,SAN,"San Diego, CA",CA,1500,1513.0,13.0,13.0,0.0,1500-1559,1638,2144.0,,,,1600-1659,0.0,1.0,98.0,,,480.0,2
2026,1,1,15,4,1/15/2026 12:00:00 AM,OO,3472,14679,SAN,"San Diego, CA",CA,11638,FAT,"Fresno, CA",CA,2104,2308.0,124.0,124.0,1.0,2100-2159,2231,,,,,2200-2259,0.0,1.0,87.0,,,314.0,2
2026,1,1,15,4,1/15/2026 12:00:00 AM,OO,3479,14771,SFO,"San Francisco, CA",CA,14679,SAN,"San Diego, CA",CA,1452,1445.0,-7.0,0.0,0.0,1400-1459,1630,2115.0,,,,1600-1659,0.0,1.0,98.0,,,447.0,2
2026,1,1,15,4,1/15/2026 12:00:00 AM,OO,3679,11433,DTW,"Detroit, MI",MI,11042,CLE,"Cleveland, OH",OH,840,838.0,-2.0,0.0,0.0,0800-0859,945,1343.0,,,,0900-0959,0.0,1.0,65.0,,,95.0,1
2026,1,1,15,4,1/15/2026 12:00:00 AM,OO,3779,14747,SEA,"Seattle, WA",WA,13264,MFR,"Medford, OR",OR,945,1150.0,125.0,125.0,1.0,0900-0959,1118,,,,,1100-1159,0.0,1.0,93.0,,,352.0,2
2026,1,1,15,4,1/15/2026 12:00:00 AM,OO,3985,14869,SLC,"Salt Lake City, UT",UT,15041,SUN,"Sun Valley/Hailey/Ketchum, ID",ID,2045,2043.0,-2.0,0.0,0.0,2000-2059,2155,910.0,,,,2100-2159,0.0,1.0,70.0,,,222.0,1
2026,1,1,15,4,1/15/2026 12:00:00 AM,OO,4025,14869,SLC,"Salt Lake City, UT",UT,12441,JAC,"Jackson, WY",WY,1755,1752.0,-3.0,0.0,0.0,1700-1759,1906,811.0,,,,1900-1959,0.0,1.0,71.0,,,205.0,1
2026,1,1,15,4,1/15/2026 12:00:00 AM,OO,5331,13930,ORD,"Chicago, IL",IL,11823,FWA,"Fort Wayne, IN",IN,1535,1533.0,-2.0,0.0,0.0,1500-1559,1751,2050.0,,,,1700-1759,0.0,1.0,76.0,,,157.0,1
2026,1,1,15,4,1/15/2026 12:00:00 AM,OO,5704,14771,SFO,"San Francisco, CA",CA,13264,MFR,"Medford, OR",OR,1041,1156.0,75.0,75.0,1.0,1000-1059,1214,1645.0,,,,1200-1259,0.0,1.0,93.0,,,329.0,2
2026,1,1,15,4,1/15/2026 12:00:00 AM,OO,6506,13930,ORD,"Chicago, IL",IL,10372,ASE,"Aspen, CO",CO,1000,1032.0,32.0,32.0,1.0,1000-1059,1238,1434.0,,,,1200-1259,0.0,1.0,218.0,,,1013.0,5
2026,1,1,15,4,1/15/2026 12:00:00 AM,UA,1281,11292,DEN,"Denver, CO",CO,14679,SAN,"San Diego, CA",CA,1555,1555.0,0.0,0.0,0.0,1500-1559,1728,,,,,1700-1759,0.0,1.0,153.0,,,853.0,4
2026,1,1,15,4,1/15/2026 12:00:00 AM,UA,663,11292,DEN,"Denver, CO",CO,13264,MFR,"Medford, OR",OR,1910,1922.0,12.0,12.0,0.0,1900-1959,2102,354.0,,,,2100-2159,0.0,1.0,172.0,,,964.0,4
2026,1,1,15,4,1/15/2026 12:00:00 AM,UA,690,11042,CLE,"Cleveland, OH",OH,11292,DEN,"Denver, CO",CO,830,845.0,15.0,15.0,1.0,0800-0859,1008,1538.0,,,,1000-1059,0.0,1.0,218.0,,,1201.0,5
2026,1,1,15,4,1/15/2026 12:00:00 AM,WN,1493,15016,STL,"St. Louis, MO",MO,11423,DSM,"Des Moines, IA",IA,2229,2130.0,-59.0,0.0,0.0,2200-2259,2215,28.0,,,,2200-2259,0.0,1.0,-14.0,,,259.0,2
2026,1,1,15,4,1/15/2026 12:00:00 AM,WN,2125,11259,DAL,"Dallas, TX",TX,14679,SAN,"San Diego, CA",CA,1555,1551.0,-4.0,0.0,0.0,1500-1559,1715,2103.0,,,,1700-1759,0.0,1.0,200.0,,,1182.0,5
2026,1,1,15,4,1/15/2026 12:00:00 AM,WN,2407,12954,LGB,"Long Beach, CA",CA,14893,SMF,"Sacramento, CA",CA,750,742.0,-8.0,0.0,0.0,0700-0759,920,1114.0,,,,0900-0959,0.0,1.0,90.0,,,387.0,2
2026,1,1,15,4,1/15/2026 12:00:00 AM,WN,3131,11292,DEN,"Denver, CO",CO,14679,SAN,"San Diego, CA",CA,1630,1624.0,-6.0,0.0,0.0,1600-1659,1800,2218.0,,,,1800-1859,0.0,1.0,150.0,,,853.0,4
2026,1,1,15,4,1/15/2026 12:00:00 AM,WN,3207,14107,PHX,"Phoenix, AZ",AZ,14679,SAN,"San Diego, CA",CA,1545,1632.0,47.0,47.0,1.0,1500-1559,1555,2119.0,,,,1500-1559,0.0,1.0,70.0,,,304.0,2
2026,1,1,15,4,1/15/2026 12:00:00 AM,WN,3983,13204,MCO,"Orlando, FL",FL,14679,SAN,"San Diego, CA",CA,1710,1745.0,35.0,35.0,1.0,1700-1759,1945,2136.0,,,,1900-1959,0.0,1.0,335.0,,,2149.0,9
2026,1,1,15,4,1/15/2026 12:00:00 AM,WN,678,10713,BOI,"Boise, ID",ID,14679,SAN,"San Diego, CA",CA,1630,1635.0,5.0,5.0,0.0,1600-1659,1745,2111.0,,,,1700-1759,0.0,1.0,135.0,,,749.0,3
2026,1,1,15,4,1/15/2026 12:00:00 AM,WN,681,14893,SMF,"Sacramento, CA",CA,14679,SAN,"San Diego, CA",CA,1500,1456.0,-4.0,0.0,0.0,1500-1559,1630,2123.0,,,,1600-1659,0.0,1.0,90.0,,,480.0,2
2026,1,1,15,4,1/15/2026 12:00:00 AM,WN,994,15304,TPA,"Tampa, FL",FL,14679,SAN,"San Diego, CA",CA,1710,1744.0,34.0,34.0,1.0,1700-1759,1945,2143.0,,,,1900-1959,0.0,1.0,335.0,,,2087.0,9
2026,1,1,15,4,1/15/2026 12:00:00 AM,YX,4476,12953,LGA,"New York, NY",NY,10994,CHS,"Charleston, SC",SC,910,904.0,-6.0,0.0,0.0,0900-0959,1134,1626.0,,,,1100-1159,0.0,1.0,144.0,,,641.0,3
2026,1,1,16,5,1/16/2026 12:00:00 AM,AA,1748,13930,ORD,"Chicago, IL",IL,11986,GRR,"Grand Rapids, MI",MI,2132,2131.0,-1.0,0.0,0.0,2100-2159,2330,659.0,,,,2300-2359,0.0,1.0,58.0,,,137.0,1
2026,1,1,16,5,1/16/2026 12:00:00 AM,AA,2142,14747,SEA,"Seattle, WA",WA,13303,MIA,"Miami, FL",FL,2311,2308.0,-3.0,0.0,0.0,2300-2359,751,911.0,,,,0700-0759,0.0,1.0,340.0,,,2724.0,11
2026,1,1,16,5,1/16/2026 12:00:00 AM,AA,2446,11057,CLT,"Charlotte, NC",NC,13342,MKE,"Milwaukee, WI",WI,2230,2227.0,-3.0,0.0,0.0,2200-2259,2335,206.0,,,,2300-2359,0.0,1.0,125.0,,,651.0,3
2026,1,1,16,5,1/16/2026 12:00:00 AM,AA,2778,11057,CLT,"Charlotte, NC",NC,11986,GRR,"Grand Rapids, MI",MI,2148,2152.0,4.0,4.0,0.0,2100-2159,2345,824.0,,,,2300-2359,0.0,1.0,117.0,,,583.0,3
2026,1,1,16,5,1/16/2026 12:00:00 AM,AA,3150,11298,DFW,"Dallas/Fort Worth, TX",TX,14679,SAN,"San Diego, CA",CA,2130,2151.0,21.0,21.0,1.0,2100-2159,2250,739.0,,,,2200-2259,0.0,1.0,200.0,,,1171.0,5
2026,1,1,16,5,1/16/2026 12:00:00 AM,AA,827,14100,PHL,"Philadelphia, PA",PA,12892,LAX,"Los Angeles, CA",CA,615,613.0,-2.0,0.0,0.0,0600-0659,929,1102.0,,,,0900-0959,0.0,1.0,374.0,,,2402.0,10
2026,1,1,16,5,1/16/2026 12:00:00 AM,AS,266,12758,KOA,"Kona, HI",HI,14679,SAN,"San Diego, CA",CA,1424,1610.0,106.0,106.0,1.0,1400-1459,2146,,,,,2100-2159,0.0,1.0,322.0,,,2556.0,11
2026,1,1,16,5,1/16/2026 12:00:00 AM,DL,2820,11057,CLT,"Charlotte, NC",NC,13487,MSP,"Minneapolis, MN",MN,1715,1721.0,6.0,6.0,0.0,1700-1759,1912,2128.0,,,,1900-1959,0.0,1.0,177.0,,,930.0,4
2026,1,1,16,5,1/16/2026 12:00:00 AM,DL,685,12478,JFK,"New York, NY",NY,14679,SAN,"San Diego, CA",CA,2034,2031.0,-3.0,0.0,0.0,2000-2059,5,959.0,,,,0001-0559,0.0,1.0,391.0,,,2446.0,10
2026,1,1,16,5,1/16/2026 12:00:00 AM,F9,1425,11298,DFW,"Dallas/Fort Worth, TX",TX,14679,SAN,"San Diego, CA",CA,2240,2236.0,-4.0,0.0,0.0,2200-2259,11,1100.0,,,,0001-0559,0.0,1.0,211.0,,,1171.0,5
2026,1,1,16,5,1/16/2026 12:00:00 AM,F9,4989,11292,DEN,"Denver, CO",CO,14679,SAN,"San Diego, CA",CA,2236,2225.0,-11.0,0.0,0.0,2200-2259,15,1015.0,,,,0001-0559,0.0,1.0,159.0,,,853.0,4
2026,1,1,16,5,1/16/2026 12:00:00 AM,G4,744,10466,AZA,"Phoenix, AZ",AZ,14696,SBN,"South Bend, IN",IN,1420,1413.0,-7.0,0.0,0.0,1400-1459,1945,2158.0,,,,1900-1959,0.0,1.0,205.0,,,1501.0,7
2026,1,1,16,5,1/16/2026 12:00:00 AM,G4,880,14082,PGD,"Punta Gorda, FL",FL,14783,SGF,"Springfield, MO",MO,800,748.0,-12.0,0.0,0.0,0800-0859,952,1126.0,,,,0900-0959,0.0,1.0,172.0,,,975.0,4
2026,1,1,16,5,1/16/2026 12:00:00 AM,NK,1750,11697,FLL,"Fort Lauderdale, FL",FL,11298,DFW,"Dallas/Fort Worth, TX",TX,730,728.0,-2.0,0.0,0.0,0700-0759,958,1309.0,,,,0900-0959,0.0,1.0,208.0,,,1119.0,5
2026,1,1,16,5,1/16/2026 12:00:00 AM,OH,5086,14100,PHL,"Philadelphia, PA",PA,11193,CVG,"Cincinnati, OH",KY,834,832.0,-2.0,0.0,0.0,0800-0859,1046,2106.0,,,,1000-1059,0.0,1.0,132.0,,,507.0,3
2026,1,1,16,5,1/16/2026 12:00:00 AM,OO,3744,13487,MSP,"Minneapolis, MN",MN,15016,STL,"St. Louis, MO",MO,1313,1334.0,21.0,21.0,1.0,1300-1359,1500,1940.0,,,,1500-1559,0.0,1.0,107.0,,,448.0,2
2026,1,1,16,5,1/16/2026 12:00:00 AM,OO,3745,15376,TUS,"Tucson, AZ",AZ,14869,SLC,"Salt Lake City, UT",UT,800,747.0,-13.0,0.0,0.0,0800-0859,1009,1135.0,,,,1000-1059,0.0,1.0,129.0,,,600.0,3
2026,1,1,16,5,1/16/2026 12:00:00 AM,OO,3874,13871,OMA,"Omaha, NE",NE,14869,SLC,"Salt Lake City, UT",UT,805,754.0,-11.0,0.0,0.0,0800-0859,1000,1137.0,,,,1000-1059,0.0,1.0,175.0,,,840.0,4
2026,1,1,16,5,1/16/2026 12:00:00 AM,OO,4290,11433,DTW,"Detroit, MI",MI,12335,IMT,"Iron Mountain/Kingsfd, MI",MI,1000,955.0,-5.0,0.0,0.0,1000-1059,1039,1501.0,,,,1000-1059,0.0,1.0,99.0,,,344.0,2
2026,1,1,16,5,1/16/2026 12:00:00 AM,OO,5025,12264,IAD,"Washington, DC",VA,13282,MGW,"Morgantown, WV",WV,2219,2209.0,-10.0,0.0,0.0,2200-2259,2330,1214.0,,,,2300-2359,0.0,1.0,71.0,,,140.0,1
2026,1,1,16,5,1/16/2026 12:00:00 AM,OO,5117,12892,LAX,"Los Angeles, CA",CA,14794,SGU,"St. George, UT",UT,1325,1348.0,23.0,23.0,1.0,1300-1359,1605,2301.0,,,,1600-1659,0.0,1.0,100.0,,,349.0,2
2026,1,1,16,5,1/16/2026 12:00:00 AM,OO,5743,11292,DEN,"Denver, CO",CO,11122,CPR,"Casper, WY",WY,935,927.0,-8.0,0.0,0.0,0900-0959,1053,,,,,1000-1059,0.0,1.0,78.0,,,230.0,1
2026,1,1,16,5,1/16/2026 12:00:00 AM,OO,5743,14534,RIW,"Riverton/Lander, WY",WY,11122,CPR,"Casper, WY",WY,1145,1304.0,79.0,79.0,1.0,1100-1159,1237,,,,,1200-1259,0.0,1.0,52.0,,,102.0,1
2026,1,1,16,5,1/16/2026 12:00:00 AM,OO,6262,13930,ORD,"Chicago, IL",IL,13851,OKC,"Oklahoma City, OK",OK,1930,2210.0,160.0,160.0,1.0,1900-1959,2200,1858.0,,,,2200-2259,0.0,1.0,150.0,,,693.0,3
2026,1,1,16,5,1/16/2026 12:00:00 AM,OO,6274,14107,PHX,"Phoenix, AZ",AZ,11638,FAT,"Fresno, CA",CA,1840,1836.0,-4.0,0.0,0.0,1800-1859,1927,1403.0,,,,1900-1959,0.0,1.0,107.0,,,493.0,2
2026,1,1,16,5,1/16/2026 12:00:00 AM,OO,6375,11057,CLT,"Charlotte, NC",NC,10372,ASE,"Aspen, CO",CO,1115,1109.0,-6.0,0.0,0.0,1100-1159,1337,,,,,1300-1359,0.0,1.0,262.0,,,1451.0,6
2026,1,1,16,5,1/16/2026 12:00:00 AM,UA,1819,13930,ORD,"Chicago, IL",IL,11986,GRR,"Grand Rapids, MI",MI,1950,2101.0,71.0,71.0,1.0,1900-1959,2200,230.0,,,,2200-2259,0.0,1.0,70.0,,,137.0,1
2026,1,1,16,5,1/16/2026 12:00:00 AM,UA,2142,14771,SFO,"San Francisco, CA",CA,14679,SAN,"San Diego, CA",CA,2130,2149.0,19.0,19.0,1.0,2100-2159,2305,729.0,,,,2300-2359,0.0,1.0,95.0,,,447.0,2
2026,1,1,16,5,1/16/2026 12:00:00 AM,UA,2275,14771,SFO,"San Francisco, CA",CA,11042,CLE,"Cleveland, OH",OH,1335,1326.0,-9.0,0.0,0.0,1300-1359,2114,2304.0,,,,2100-2159,0.0,1.0,279.0,,,2161.0,9
2026,1,1,16,5,1/16/2026 12:00:00 AM,WN,920,13796,OAK,"Oakland, CA",CA,14869,SLC,"Salt Lake City, UT",UT,630,630.0,0.0,0.0,0.0,0600-0659,915,1222.0,,,,0900-0959,0.0,1.0,105.0,,,588.0,3
2026,1,1,17,6,1/17/2026 12:00:00 AM,AA,1056,11298,DFW,"Dallas/Fort Worth, TX",TX,12953,LGA,"New York, NY",NY,940,951.0,11.0,11.0,0.0,0900-0959,1357,1918.0,,,,1300-1359,0.0,1.0,197.0,,,1389.0,6
2026,1,1,17,6,1/17/2026 12:00:00 AM,AA,1385,13303,MIA,"Miami, FL",FL,10423,AUS,"Austin, TX",TX,1452,1445.0,-7.0,0.0,0.0,1400-1459,1714,2102.0,,,,1700-1759,0.0,1.0,202.0,,,1103.0,5
2026,1,1,17,6,1/17/2026 12:00:00 AM,AA,2178,11298,DFW,"Dallas/Fort Worth, TX",TX,14869,SLC,"Salt Lake City, UT",UT,903,858.0,-5.0,0.0,0.0,0900-0959,1057,1413.0,,,,1000-1059,0.0,1.0,174.0,,,989.0,4
2026,1,1,17,6,1/17/2026 12:00:00 AM,AA,2552,11298,DFW,"Dallas/Fort Worth, TX",TX,11503,EGE,"Eagle, CO",CO,1650,1646.0,-4.0,0.0,0.0,1600-1659,1818,2040.0,,,,1800-1859,0.0,1.0,148.0,,,721.0,3
2026,1,1,17,6,1/17/2026 12:00:00 AM,AA,2624,11057,CLT,"Charlotte, NC",NC,12478,JFK,"New York, NY",NY,1208,1216.0,8.0,8.0,0.0,1200-1259,1359,1704.0,,,,1300-1359,0.0,1.0,111.0,,,542.0,3
2026,1,1,17,6,1/17/2026 12:00:00 AM,AA,2866,11298,DFW,"Dallas/Fort Worth, TX",TX,11057,CLT,"Charlotte, NC",NC,605,600.0,-5.0,0.0,0.0,0600-0659,933,1124.0,,,,0900-0959,0.0,1.0,148.0,,,935.0,4
2026,1,1,17,6,1/17/2026 12:00:00 AM,AA,2997,15024,STT,"Charlotte Amalie, VI",VI,11298,DFW,"Dallas/Fort Worth, TX",TX,1411,1413.0,2.0,2.0,0.0,1400-1459,1800,2114.0,,,,1800-1859,0.0,1.0,349.0,,,2225.0,9
2026,1,1,17,6,1/17/2026 12:00:00 AM,AA,922,14107,PHX,"Phoenix, AZ",AZ,14893,SMF,"Sacramento, CA",CA,815,804.0,-11.0,0.0,0.0,0800-0859,924,1250.0,,,,0900-0959,0.0,1.0,129.0,,,647.0,3
2026,1,1,17,6,1/17/2026 12:00:00 AM,AS,321,14747,SEA,"Seattle, WA",WA,14893,SMF,"Sacramento, CA",CA,1810,1806.0,-4.0,0.0,0.0,1800-1859,2003,106.0,,,,2000-2059,0.0,1.0,113.0,,,605.0,3
2026,1,1,17,6,1/17/2026 12:00:00 AM,AS,64,12523,JNU,"Juneau, AK",AK,14256,PSG,"Petersburg, AK",AK,1332,1443.0,71.0,71.0,1.0,1300-1359,1421,,,,,1400-1459,0.0,1.0,49.0,,,123.0,1
2026,1,1,17,6,1/17/2026 12:00:00 AM,B6,372,11697,FLL,"Fort Lauderdale, FL",FL,12953,LGA,"New York, NY",NY,1205,1203.0,-2.0,0.0,0.0,1200-1259,1459,1732.0,,,,1400-1459,0.0,1.0,174.0,,,1076.0,5
2026,1,1,17,6,1/17/2026 12:00:00 AM,DL,2347,13303,MIA,"Miami, FL",FL,12953,LGA,"New York, NY",NY,1159,1207.0,8.0,8.0,0.0,1100-1159,1504,1746.0,,,,1500-1559,0.0,1.0,185.0,,,1096.0,5
2026,1,1,17,6,1/17/2026 12:00:00 AM,DL,2917,13930,ORD,"Chicago, IL",IL,12953,LGA,"New York, NY",NY,1045,1050.0,5.0,5.0,0.0,1000-1059,1358,1748.0,,,,1300-1359,0.0,1.0,133.0,,,733.0,3
2026,1,1,17,6,1/17/2026 12:00:00 AM,DL,3036,10397,ATL,"Atlanta, GA",GA,12217,HSV,"Huntsville, AL",AL,913,909.0,-4.0,0.0,0.0,0900-0959,910,1101.0,,,,0900-0959,0.0,1.0,57.0,,,151.0,1
2026,1,1,17,6,1/17/2026 12:00:00 AM,DL,381,10423,AUS,"Austin, TX",TX,14771,SFO,"San Francisco, CA",CA,1055,1305.0,130.0,130.0,1.0,1000-1059,1251,,,,,1200-1259,0.0,1.0,236.0,,,1504.0,7
2026,1,1,17,6,1/17/2026 12:00:00 AM,DL,813,15304,TPA,"Tampa, FL",FL,12953,LGA,"New York, NY",NY,1150,1149.0,-1.0,0.0,0.0,1100-1159,1431,1749.0,,,,1400-1459,0.0,1.0,161.0,,,1010.0,5
2026,1,1,17,6,1/17/2026 12:00:00 AM,G4,191,14761,SFB,"Sanford, FL",FL,10135,ABE,"Allentown/Bethlehem/Easton, PA",PA,1632,1753.0,81.0,81.0,1.0,1600-1659,1859,1104.0,,,,1800-1859,0.0,1.0,147.0,,,882.0,4
2026,1,1,17,6,1/17/2026 12:00:00 AM,OH,5033,14100,PHL,"Philadelphia, PA",PA,12266,IAH,"Houston, TX",TX,1025,1022.0,-3.0,0.0,0.0,1000-1059,1332,1719.0,,,,1300-1359,0.0,1.0,247.0,,,1325.0,6
2026,1,1,17,6,1/17/2026 12:00:00 AM,OH,5261,11267,DAY,"Dayton, OH",OH,11278,DCA,"Washington, DC",VA,600,551.0,-9.0,0.0,0.0,0600-0659,740,911.0,,,,0700-0759,0.0,1.0,100.0,,,391.0,2
2026,1,1,17,6,1/17/2026 12:00:00 AM,OO,3035,14747,SEA,"Seattle, WA",WA,14893,SMF,"Sacramento, CA",CA,928,926.0,-2.0,0.0,0.0,0900-0959,1123,1333.0,,,,1100-1159,0.0,1.0,115.0,,,605.0,3
2026,1,1,17,6,1/17/2026 12:00:00 AM,OO,3063,14057,PDX,"Portland, OR",OR,14893,SMF,"Sacramento, CA",CA,1739,1814.0,35.0,35.0,1.0,1700-1759,1922,,,,,1900-1959,0.0,1.0,103.0,,,479.0,2
2026,1,1,17,6,1/17/2026 12:00:00 AM,OO,3412,14057,PDX,"Portland, OR",OR,11638,FAT,"Fresno, CA",CA,1732,1802.0,30.0,30.0,1.0,1700-1759,1932,,,,,1900-1959,0.0,1.0,120.0,,,626.0,3
2026,1,1,17,6,1/17/2026 12:00:00 AM,OO,3865,14869,SLC,"Salt Lake City, UT",UT,14113,PIH,"Pocatello, ID",ID,1045,1217.0,92.0,92.0,1.0,1000-1059,1149,1625.0,,,,1100-1159,0.0,1.0,64.0,,,149.0,1
2026,1,1,17,6,1/17/2026 12:00:00 AM,OO,3955,13487,MSP,"Minneapolis, MN",MN,12266,IAH,"Houston, TX",TX,1245,1303.0,18.0,18.0,1.0,1200-1259,1604,2012.0,,,,1600-1659,0.0,1.0,199.0,,,1034.0,5
2026,1,1,17,6,1/17/2026 12:00:00 AM,OO,4695,14771,SFO,"San Francisco, CA",CA,10157,ACV,"Arcata/Eureka, CA",CA,2106,2106.0,0.0,0.0,0.0,2100-2159,2229,1635.0,,,,2200-2259,0.0,1.0,83.0,,,250.0,2
2026,1,1,17,6,1/17/2026 12:00:00 AM,OO,4708,14771,SFO,"San Francisco, CA",CA,10157,ACV,"Arcata/Eureka, CA",CA,928,924.0,-4.0,0.0,0.0,0900-0959,1052,1346.0,,,,1000-1059,0.0,1.0,84.0,,,250.0,2
2026,1,1,17,6,1/17/2026 12:00:00 AM,OO,6215,14107,PHX,"Phoenix, AZ",AZ,10561,BFL,"Bakersfield, CA",CA,1530,1733.0,123.0,123.0,1.0,1500-1559,1612,,,,,1600-1659,0.0,1.0,102.0,,,425.0,2
2026,1,1,17,6,1/17/2026 12:00:00 AM,OO,6453,14107,PHX,"Phoenix, AZ",AZ,11638,FAT,"Fresno, CA",CA,1454,1743.0,169.0,169.0,1.0,1400-1459,1544,,,,,1500-1559,0.0,1.0,110.0,,,493.0,2
2026,1,1,17,6,1/17/2026 12:00:00 AM,UA,1157,12173,HNL,"Honolulu, HI",HI,12892,LAX,"Los Angeles, CA",CA,1245,1259.0,14.0,14.0,0.0,1200-1259,2012,2128.0,,,,2000-2059,0.0,1.0,327.0,,,2556.0,11
2026,1,1,17,6,1/17/2026 12:00:00 AM,UA,1327,12892,LAX,"Los Angeles, CA",CA,14893,SMF,"Sacramento, CA",CA,815,810.0,-5.0,0.0,0.0,0800-0859,948,1301.0,,,,0900-0959,0.0,1.0,93.0,,,373.0,2
2026,1,1,17,6,1/17/2026 12:00:00 AM,UA,1930,12264,IAD,"Washington, DC",VA,14679,SAN,"San Diego, CA",CA,900,859.0,-1.0,0.0,0.0,0900-0959,1145,1404.0,,,,1100-1159,0.0,1.0,345.0,,,2253.0,10
2026,1,1,17,6,1/17/2026 12:00:00 AM,WN,1094,12191,HOU,"Houston, TX",TX,12953,LGA,"New York, NY",NY,1050,1050.0,0.0,0.0,0.0,1000-1059,1510,1748.0,,,,1500-1559,0.0,1.0,200.0,,,1428.0,6
2026,1,1,17,6,1/17/2026 12:00:00 AM,WN,1584,14730,SDF,"Louisville, KY",KY,13204,MCO,"Orlando, FL",FL,1730,1730.0,0.0,0.0,0.0,1700-1759,1940,2128.0,,,,1900-1959,0.0,1.0,130.0,,,719.0,3
2026,1,1,17,6,1/17/2026 12:00:00 AM,WN,2100,12892,LAX,"Los Angeles, CA",CA,14893,SMF,"Sacramento, CA",CA,1740,1828.0,48.0,48.0,1.0,1700-1759,1910,2217.0,,,,1900-1959,0.0,1.0,90.0,,,373.0,2
2026,1,1,17,6,1/17/2026 12:00:00 AM,WN,2214,14262,PSP,"Palm Springs, CA",CA,14893,SMF,"Sacramento, CA",CA,700,735.0,35.0,35.0,1.0,0700-0759,835,1333.0,,,,0800-0859,0.0,1.0,95.0,,,439.0,2
2026,1,1,17,6,1/17/2026 12:00:00 AM,WN,2519,10713,BOI,"Boise, ID",ID,14893,SMF,"Sacramento, CA",CA,735,815.0,40.0,40.0,1.0,0700-0759,815,1326.0,,,,0800-0859,0.0,1.0,100.0,,,437.0,2
2026,1,1,17,6,1/17/2026 12:00:00 AM,WN,2766,13232,MDW,"Chicago, IL",IL,14893,SMF,"Sacramento, CA",CA,820,815.0,-5.0,0.0,0.0,0800-0859,1105,1252.0,,,,1100-1159,0.0,1.0,285.0,,,1790.0,8
2026,1,1,17,6,1/17/2026 12:00:00 AM,WN,3079,14057,PDX,"Portland, OR",OR,14893,SMF,"Sacramento, CA",CA,650,719.0,29.0,29.0,1.0,0600-0659,820,1257.0,,,,0800-0859,0.0,1.0,90.0,,,479.0,2
2026,1,1,17,6,1/17/2026 12:00:00 AM,WN,936,14107,PHX,"Phoenix, AZ",AZ,14893,SMF,"Sacramento, CA",CA,730,806.0,36.0,36.0,1.0,0700-0759,835,1238.0,,,,0800-0859,0.0,1.0,125.0,,,647.0,3
2026,1,1,17,6,1/17/2026 12:00:00 AM,YX,4448,12953,LGA,"New York, NY",NY,14122,PIT,"Pittsburgh, PA",PA,709,701.0,-8.0,0.0,0.0,0700-0759,849,1057.0,,,,0800-0859,0.0,1.0,100.0,,,335.0,2
2026,1,1,17,6,1/17/2026 12:00:00 AM,YX,4690,12323,ILM,"Wilmington, NC",NC,12953,LGA,"New York, NY",NY,1229,1221.0,-8.0,0.0,0.0,1200-1259,1419,1737.0,,,,1400-1459,0.0,1.0,110.0,,,500.0,3
2026,1,1,18,7,1/18/2026 12:00:00 AM,AA,1054,13303,MIA,"Miami, FL",FL,10721,BOS,"Boston, MA",MA,2145,2204.0,19.0,19.0,1.0,2100-2159,59,937.0,,,,0001-0559,0.0,1.0,194.0,,,1258.0,6
2026,1,1,18,7,1/18/2026 12:00:00 AM,AA,1337,11298,DFW,"Dallas/Fort Worth, TX",TX,11624,EYW,"Key West, FL",FL,1241,1236.0,-5.0,0.0,0.0,1200-1259,1624,1941.0,,,,1600-1659,0.0,1.0,163.0,,,1089.0,5
2026,1,1,18,7,1/18/2026 12:00:00 AM,AA,1365,11057,CLT,"Charlotte, NC",NC,11624,EYW,"Key West, FL",FL,1540,1557.0,17.0,17.0,1.0,1500-1559,1801,713.0,,,,1800-1859,0.0,1.0,141.0,,,736.0,3
2026,1,1,18,7,1/18/2026 12:00:00 AM,AA,2402,11298,DFW,"Dallas/Fort Worth, TX",TX,11996,GSP,"Greer, SC",SC,1743,1757.0,14.0,14.0,0.0,1700-1759,2056,10.0,,,,2000-2059,0.0,1.0,133.0,,,862.0,4
2026,1,1,18,7,1/18/2026 12:00:00 AM,AA,2447,13930,ORD,"Chicago, IL",IL,12953,LGA,"New York, NY",NY,1451,1603.0,72.0,72.0,1.0,1400-1459,1811,2351.0,,,,1800-1859,0.0,1.0,140.0,,,733.0,3
2026,1,1,18,7,1/18/2026 12:00:00 AM,AA,3304,12953,LGA,"New York, NY",NY,15304,TPA,"Tampa, FL",FL,730,725.0,-5.0,0.0,0.0,0700-0759,1038,1620.0,,,,1000-1059,0.0,1.0,188.0,,,1010.0,5
2026,1,1,18,7,1/18/2026 12:00:00 AM,AS,61,14747,SEA,"Seattle, WA",WA,12523,JNU,"Juneau, AK",AK,700,655.0,-5.0,0.0,0.0,0700-0759,847,,,,,0800-0859,0.0,1.0,167.0,,,909.0,4
2026,1,1,18,7,1/18/2026 12:00:00 AM,AS,62,10299,ANC,"Anchorage, AK",AK,12523,JNU,"Juneau, AK",AK,710,657.0,-13.0,0.0,0.0,0700-0759,859,,,,,0800-0859,0.0,1.0,109.0,,,571.0,3
2026,1,1,18,7,1/18/2026 12:00:00 AM,AS,62,14828,SIT,"Sitka, AK",AK,12819,KTN,"Ketchikan, AK",AK,1130,1123.0,-7.0,0.0,0.0,1100-1159,1225,,,,,1200-1259,0.0,1.0,55.0,,,183.0,1
2026,1,1,18,7,1/18/2026 12:00:00 AM,AS,65,15841,WRG,"Wrangell, AK",AK,14256,PSG,"Petersburg, AK",AK,1033,1643.0,370.0,370.0,1.0,1000-1059,1100,,,,,1100-1159,0.0,1.0,27.0,,,31.0,1
2026,1,1,18,7,1/18/2026 12:00:00 AM,AS,66,10299,ANC,"Anchorage, AK",AK,10926,CDV,"Cordova, AK",AK,1347,1338.0,-9.0,0.0,0.0,1300-1359,1445,1653.0,,,,1400-1459,0.0,1.0,58.0,,,160.0,1
2026,1,1,18,7,1/18/2026 12:00:00 AM,AS,66,15991,YAK,"Yakutat, AK",AK,12523,JNU,"Juneau, AK",AK,1715,1851.0,96.0,96.0,1.0,1700-1759,1810,,,,,1800-1859,0.0,1.0,55.0,,,199.0,1
2026,1,1,18,7,1/18/2026 12:00:00 AM,AS,67,14747,SEA,"Seattle, WA",WA,12819,KTN,"Ketchikan, AK",AK,1535,1529.0,-6.0,0.0,0.0,1500-1559,1648,,,,,1600-1659,0.0,1.0,133.0,,,680.0,3
2026,1,1,18,7,1/18/2026 12:00:00 AM,AS,67,14828,SIT,"Sitka, AK",AK,12523,JNU,"Juneau, AK",AK,1919,1938.0,19.0,19.0,1.0,1900-1959,2003,,,,,2000-2059,0.0,1.0,44.0,,,95.0,1
2026,1,1,18,7,1/18/2026 12:00:00 AM,AS,70,10299,ANC,"Anchorage, AK",AK,12523,JNU,"Juneau, AK",AK,1938,1935.0,-3.0,0.0,0.0,1900-1959,2122,,,,,2100-2159,0.0,1.0,104.0,,,571.0,3
2026,1,1,18,7,1/18/2026 12:00:00 AM,AS,73,14828,SIT,"Sitka, AK",AK,12523,JNU,"Juneau, AK",AK,600,633.0,33.0,33.0,1.0,0600-0659,645,,,,,0600-0659,0.0,1.0,45.0,,,95.0,1
2026,1,1,18,7,1/18/2026 12:00:00 AM,AS,930,13830,OGG,"Kahului, HI",HI,14747,SEA,"Seattle, WA",WA,1409,1659.0,170.0,170.0,1.0,1400-1459,2139,340.0,,,,2100-2159,0.0,1.0,330.0,,,2639.0,11
2026,1,1,18,7,1/18/2026 12:00:00 AM,B6,1131,10994,CHS,"Charleston, SC",SC,11697,FLL,"Fort Lauderdale, FL",FL,1335,1425.0,50.0,50.0,1.0,1300-1359,1510,1732.0,,,,1500-1559,0.0,1.0,95.0,,,470.0,2
2026,1,1,18,7,1/18/2026 12:00:00 AM,B6,1252,14635,RSW,"Fort Myers, FL",FL,12197,HPN,"White Plains, NY",NY,1839,1829.0,-10.0,0.0,0.0,1800-1859,2131,44.0,,,,2100-2159,0.0,1.0,172.0,,,1102.0,5
2026,1,1,18,7,1/18/2026 12:00:00 AM,B6,1694,13204,MCO,"Orlando, FL",FL,12197,HPN,"White Plains, NY",NY,1548,1938.0,230.0,230.0,1.0,1500-1559,1831,,,,,1800-1859,0.0,1.0,163.0,,,972.0,4
2026,1,1,18,7,1/18/2026 12:00:00 AM,B6,2064,11624,EYW,"Key West, FL",FL,10721,BOS,"Boston, MA",MA,1300,1529.0,149.0,149.0,1.0,1300-1359,1636,2335.0,,,,1600-1659,0.0,1.0,216.0,,,1373.0,6
2026,1,1,18,7,1/18/2026 12:00:00 AM,B6,2602,14843,SJU,"San Juan, PR",PR,12197,HPN,"White Plains, NY",NY,1745,1739.0,-6.0,0.0,0.0,1700-1759,2107,44.0,,,,2100-2159,0.0,1.0,262.0,,,1624.0,7
2026,1,1,18,7,1/18/2026 12:00:00 AM,B6,655,15096,SYR,"Syracuse, NY",NY,13204,MCO,"Orlando, FL",FL,1930,41.0,311.0,311.0,1.0,1900-1959,2235,542.0,,,,2200-2259,0.0,1.0,185.0,,,1053.0,5
2026,1,1,18,7,1/18/2026 12:00:00 AM,B6,714,11697,FLL,"Fort Lauderdale, FL",FL,12197,HPN,"White Plains, NY",NY,1930,1937.0,7.0,7.0,0.0,1900-1959,2230,,,,,2200-2259,0.0,1.0,180.0,,,1097.0,5
2026,1,1,18,7,1/18/2026 12:00:00 AM,DL,1616,10397,ATL,"Atlanta, GA",GA,12197,HPN,"White Plains, NY",NY,1945,1937.0,-8.0,0.0,0.0,1900-1959,2200,1131.0,,,,2200-2259,0.0,1.0,135.0,,,781.0,4
2026,1,1,18,7,1/18/2026 12:00:00 AM,DL,2019,12478,JFK,"New York, NY",NY,13204,MCO,"Orlando, FL",FL,910,915.0,5.0,5.0,0.0,0900-0959,1215,1644.0,,,,1200-1259,0.0,1.0,185.0,,,944.0,4
2026,1,1,18,7,1/18/2026 12:00:00 AM,DL,2168,10397,ATL,"Atlanta, GA",GA,11624,EYW,"Key West, FL",FL,1521,1547.0,26.0,26.0,1.0,1500-1559,1711,815.0,,,,1700-1759,0.0,1.0,110.0,,,646.0,3
2026,1,1,18,7,1/18/2026 12:00:00 AM,DL,2329,13931,ORF,"Norfolk, VA",VA,10397,ATL,"Atlanta, GA",GA,1859,1911.0,12.0,12.0,0.0,1800-1859,2115,130.0,,,,2100-2159,0.0,1.0,136.0,,,516.0,3
2026,1,1,18,7,1/18/2026 12:00:00 AM,DL,685,12478,JFK,"New York, NY",NY,14679,SAN,"San Diego, CA",CA,2034,2107.0,33.0,33.0,1.0,2000-2059,5,,,,,0001-0559,0.0,1.0,391.0,,,2446.0,10
2026,1,1,18,7,1/18/2026 12:00:00 AM,DL,804,11298,DFW,"Dallas/Fort Worth, TX",TX,14747,SEA,"Seattle, WA",WA,810,801.0,-9.0,0.0,0.0,0800-0859,1045,1225.0,,,,1000-1059,0.0,1.0,275.0,,,1660.0,7
2026,1,1,18,7,1/18/2026 12:00:00 AM,MQ,3396,13303,MIA,"Miami, FL",FL,12197,HPN,"White Plains, NY",NY,1945,1943.0,-2.0,0.0,0.0,1900-1959,2259,310.0,,,,2200-2259,0.0,1.0,194.0,,,1118.0,5
2026,1,1,18,7,1/18/2026 12:00:00 AM,MQ,3410,13930,ORD,"Chicago, IL",IL,13367,MLI,"Moline, IL",IL,2121,2120.0,-1.0,0.0,0.0,2100-2159,2223,843.0,,,,2200-2259,0.0,1.0,62.0,,,139.0,1
2026,1,1,18,7,1/18/2026 12:00:00 AM,MQ,4223,13303,MIA,"Miami, FL",FL,11624,EYW,"Key West, FL",FL,1545,1536.0,-9.0,0.0,0.0,1500-1559,1649,1905.0,,,,1600-1659,0.0,1.0,64.0,,,126.0,1
2026,1,1,18,7,1/18/2026 12:00:00 AM,NK,1166,12339,IND,"Indianapolis, IN",IN,13204,MCO,"Orlando, FL",FL,1038,1045.0,7.0,7.0,0.0,1000-1059,1258,1625.0,,,,1200-1259,0.0,1.0,140.0,,,829.0,4
2026,1,1,18,7,1/18/2026 12:00:00 AM,NK,930,13204,MCO,"Orlando, FL",FL,12953,LGA,"New York, NY",NY,1723,1733.0,10.0,10.0,0.0,1700-1759,2000,2313.0,,,,2000-2059,0.0,1.0,157.0,,,950.0,4
2026,1,1,18,7,1/18/2026 12:00:00 AM,OH,5152,11057,CLT,"Charlotte, NC",NC,12197,HPN,"White Plains, NY",NY,1953,1947.0,-6.0,0.0,0.0,1900-1959,2155,236.0,,,,2100-2159,0.0,1.0,122.0,,,564.0,3
2026,1,1,18,7,1/18/2026 12:00:00 AM,OO,3100,14747,SEA,"Seattle, WA",WA,12094,HDN,"Hayden, CO",CO,1218,1208.0,-10.0,0.0,0.0,1200-1259,1550,,,,,1500-1559,0.0,1.0,152.0,,,891.0,4
2026,1,1,18,7,1/18/2026 12:00:00 AM,OO,3781,13264,MFR,"Medford, OR",OR,14747,SEA,"Seattle, WA",WA,605,600.0,-5.0,0.0,0.0,0600-0659,750,1123.0,,,,0700-0759,0.0,1.0,105.0,,,352.0,2
2026,1,1,18,7,1/18/2026 12:00:00 AM,OO,3881,14747,SEA,"Seattle, WA",WA,14893,SMF,"Sacramento, CA",CA,830,826.0,-4.0,0.0,0.0,0800-0859,1032,1319.0,,,,1000-1059,0.0,1.0,122.0,,,605.0,3
2026,1,1,18,7,1/18/2026 12:00:00 AM,OO,4669,13367,MLI,"Moline, IL",IL,11292,DEN,"Denver, CO",CO,846,841.0,-5.0,0.0,0.0,0800-0859,1035,1634.0,,,,1000-1059,0.0,1.0,169.0,,,751.0,4
2026,1,1,18,7,1/18/2026 12:00:00 AM,OO,4695,14771,SFO,"San Francisco, CA",CA,10157,ACV,"Arcata/Eureka, CA",CA,2105,2103.0,-2.0,0.0,0.0,2100-2159,2228,1335.0,,,,2200-2259,0.0,1.0,83.0,,,250.0,2
2026,1,1,18,7,1/18/2026 12:00:00 AM,UA,1355,14771,SFO,"San Francisco, CA",CA,11618,EWR,"Newark, NJ",NJ,1145,1158.0,13.0,13.0,0.0,1100-1159,2026,2348.0,,,,2000-2059,0.0,1.0,341.0,,,2565.0,11
2026,1,1,18,7,1/18/2026 12:00:00 AM,UA,1652,15304,TPA,"Tampa, FL",FL,11618,EWR,"Newark, NJ",NJ,1125,1349.0,144.0,144.0,1.0,1100-1159,1415,2021.0,,,,1400-1459,0.0,1.0,170.0,,,997.0,4
2026,1,1,18,7,1/18/2026 12:00:00 AM,UA,2121,11292,DEN,"Denver, CO",CO,11986,GRR,"Grand Rapids, MI",MI,1800,1801.0,1.0,1.0,0.0,1800-1859,2237,147.0,,,,2200-2259,0.0,1.0,157.0,,,1015.0,5
2026,1,1,18,7,1/18/2026 12:00:00 AM,UA,229,11042,CLE,"Cleveland, OH",OH,13204,MCO,"Orlando, FL",FL,1100,1155.0,55.0,55.0,1.0,1100-1159,1340,1734.0,,,,1300-1359,0.0,1.0,160.0,,,895.0,4
2026,1,1,18,7,1/18/2026 12:00:00 AM,UA,2336,12953,LGA,"New York, NY",NY,12266,IAH,"Houston, TX",TX,1224,1219.0,-5.0,0.0,0.0,1200-1259,1550,1640.0,,,,1500-1559,0.0,1.0,266.0,,,1416.0,6
2026,1,1,18,7,1/18/2026 12:00:00 AM,WN,1717,11603,EUG,"Eugene, OR",OR,14893,SMF,"Sacramento, CA",CA,635,625.0,-10.0,0.0,0.0,0600-0659,815,1016.0,,,,0800-0859,0.0,1.0,100.0,,,384.0,2
2026,1,1,18,7,1/18/2026 12:00:00 AM,WN,1729,14107,PHX,"Phoenix, AZ",AZ,14893,SMF,"Sacramento, CA",CA,630,625.0,-5.0,0.0,0.0,0600-0659,735,1048.0,,,,0700-0759,0.0,1.0,125.0,,,647.0,3
2026,1,1,18,7,1/18/2026 12:00:00 AM,YX,3419,11618,EWR,"Newark, NJ",NJ,13487,MSP,"Minneapolis, MN",MN,2121,2130.0,9.0,9.0,0.0,2100-2159,2341,411.0,,,,2300-2359,0.0,1.0,200.0,,,1008.0,5
2026,1,1,18,7,1/18/2026 12:00:00 AM,YX,4506,10868,CAE,"Columbia, SC",SC,12953,LGA,"New York, NY",NY,1728,1800.0,32.0,32.0,1.0,1700-1759,1927,159.0,,,,1900-1959,0.0,1.0,119.0,,,617.0,3
2026,1,1,18,7,1/18/2026 12:00:00 AM,YX,4662,11624,EYW,"Key West, FL",FL,12953,LGA,"New York, NY",NY,1444,1533.0,49.0,49.0,1.0,1400-1459,1759,943.0,,,,1700-1759,0.0,1.0,195.0,,,1207.0,5
2026,1,1,19,1,1/19/2026 12:00:00 AM,AA,1109,13303,MIA,"Miami, FL",FL,12339,IND,"Indianapolis, IN",IN,1515,1557.0,42.0,42.0,1.0,1500-1559,1815,2124.0,,,,1800-1859,0.0,1.0,180.0,,,1020.0,5
2026,1,1,19,1,1/19/2026 12:00:00 AM,AA,3057,11057,CLT,"Charlotte, NC",NC,14576,ROC,"Rochester, NY",NY,1554,1630.0,36.0,36.0,1.0,1500-1559,1742,945.0,,,,1700-1759,0.0,1.0,108.0,,,573.0,3
2026,1,1,19,1,1/19/2026 12:00:00 AM,AS,106,14747,SEA,"Seattle, WA",WA,11630,FAI,"Fairbanks, AK",AK,1200,1204.0,4.0,4.0,0.0,1200-1259,1506,1601.0,,,,1500-1559,0.0,1.0,246.0,,,1533.0,7
2026,1,1,19,1,1/19/2026 12:00:00 AM,AS,61,14747,SEA,"Seattle, WA",WA,12523,JNU,"Juneau, AK",AK,700,723.0,23.0,23.0,1.0,0700-0759,847,,,,,0800-0859,0.0,1.0,167.0,,,909.0,4
2026,1,1,19,1,1/19/2026 12:00:00 AM,AS,62,14828,SIT,"Sitka, AK",AK,12819,KTN,"Ketchikan, AK",AK,1130,1647.0,317.0,317.0,1.0,1100-1159,1225,,,,,1200-1259,0.0,1.0,55.0,,,183.0,1
2026,1,1,19,1,1/19/2026 12:00:00 AM,AS,65,14747,SEA,"Seattle, WA",WA,12819,KTN,"Ketchikan, AK",AK,700,818.0,78.0,78.0,1.0,0700-0759,818,,,,,0800-0859,0.0,1.0,138.0,,,680.0,3
2026,1,1,19,1,1/19/2026 12:00:00 AM,AS,67,14747,SEA,"Seattle, WA",WA,12819,KTN,"Ketchikan, AK",AK,1535,1536.0,1.0,1.0,0.0,1500-1559,1648,,,,,1600-1659,0.0,1.0,133.0,,,680.0,3
2026,1,1,19,1,1/19/2026 12:00:00 AM,B6,2064,11624,EYW,"Key West, FL",FL,10721,BOS,"Boston, MA",MA,1300,1515.0,135.0,135.0,1.0,1300-1359,1636,2003.0,,,,1600-1659,0.0,1.0,216.0,,,1373.0,6
2026,1,1,19,1,1/19/2026 12:00:00 AM,B6,2601,12197,HPN,"White Plains, NY",NY,14843,SJU,"San Juan, PR",PR,840,938.0,58.0,58.0,1.0,0800-0859,1325,1934.0,,,,1300-1359,0.0,1.0,225.0,,,1624.0,7
2026,1,1,19,1,1/19/2026 12:00:00 AM,B6,839,12478,JFK,"New York, NY",NY,10732,BQN,"Aguadilla, PR",PR,1559,1616.0,17.0,17.0,1.0,1500-1559,2053,,,,,2000-2059,0.0,1.0,234.0,,,1576.0,7
2026,1,1,19,1,1/19/2026 12:00:00 AM,DL,1353,10397,ATL,"Atlanta, GA",GA,14122,PIT,"Pittsburgh, PA",PA,1425,1743.0,198.0,198.0,1.0,1400-1459,1558,1912.0,,,,1500-1559,0.0,1.0,93.0,,,526.0,3
2026,1,1,19,1,1/19/2026 12:00:00 AM,DL,1774,15024,STT,"Charlotte Amalie, VI",VI,10397,ATL,"Atlanta, GA",GA,1510,1659.0,109.0,109.0,1.0,1500-1559,1825,2218.0,,,,1800-1859,0.0,1.0,255.0,,,1599.0,7
2026,1,1,19,1,1/19/2026 12:00:00 AM,DL,2007,10529,BDL,"Hartford, CT",CT,13487,MSP,"Minneapolis, MN",MN,1500,1456.0,-4.0,0.0,0.0,1500-1559,1707,,,,,1700-1759,0.0,1.0,187.0,,,1050.0,5
2026,1,1,19,1,1/19/2026 12:00:00 AM,DL,407,15024,STT,"Charlotte Amalie, VI",VI,10721,BOS,"Boston, MA",MA,1432,1533.0,61.0,61.0,1.0,1400-1459,1753,2233.0,,,,1700-1759,0.0,1.0,261.0,,,1693.0,7
2026,1,1,19,1,1/19/2026 12:00:00 AM,F9,3665,11292,DEN,"Denver, CO",CO,14893,SMF,"Sacramento, CA",CA,900,852.0,-8.0,0.0,0.0,0900-0959,1050,1608.0,,,,1000-1059,0.0,1.0,170.0,,,909.0,4
2026,1,1,19,1,1/19/2026 12:00:00 AM,G4,1226,14761,SFB,"Sanford, FL",FL,15380,TVC,"Traverse City, MI",MI,805,803.0,-2.0,0.0,0.0,0800-0859,1104,1413.0,,,,1100-1159,0.0,1.0,179.0,,,1127.0,5
2026,1,1,19,1,1/19/2026 12:00:00 AM,MQ,3441,13930,ORD,"Chicago, IL",IL,12992,LIT,"Little Rock, AR",AR,823,854.0,31.0,31.0,1.0,0800-0859,1030,1307.0,,,,1000-1059,0.0,1.0,127.0,,,552.0,3
2026,1,1,19,1,1/19/2026 12:00:00 AM,OO,3006,14679,SAN,"San Diego, CA",CA,14893,SMF,"Sacramento, CA",CA,1030,1123.0,53.0,53.0,1.0,1000-1059,1222,,,,,1200-1259,0.0,1.0,112.0,,,480.0,2
2026,1,1,19,1,1/19/2026 12:00:00 AM,OO,3035,14747,SEA,"Seattle, WA",WA,14893,SMF,"Sacramento, CA",CA,928,1016.0,48.0,48.0,1.0,0900-0959,1123,1521.0,,,,1100-1159,0.0,1.0,115.0,,,605.0,3
2026,1,1,19,1,1/19/2026 12:00:00 AM,OO,3755,12892,LAX,"Los Angeles, CA",CA,14893,SMF,"Sacramento, CA",CA,900,1438.0,338.0,338.0,1.0,0900-0959,1033,757.0,,,,1000-1059,0.0,1.0,93.0,,,373.0,2
2026,1,1,19,1,1/19/2026 12:00:00 AM,OO,3756,14869,SLC,"Salt Lake City, UT",UT,14489,RDM,"Bend/Redmond, OR",OR,2255,2255.0,0.0,0.0,0.0,2200-2259,2352,1437.0,,,,2300-2359,0.0,1.0,117.0,,,525.0,3
2026,1,1,19,1,1/19/2026 12:00:00 AM,OO,3759,12892,LAX,"Los Angeles, CA",CA,14893,SMF,"Sacramento, CA",CA,1545,1536.0,-9.0,0.0,0.0,1500-1559,1715,2002.0,,,,1700-1759,0.0,1.0,90.0,,,373.0,2
2026,1,1,19,1,1/19/2026 12:00:00 AM,OO,3881,14747,SEA,"Seattle, WA",WA,14893,SMF,"Sacramento, CA",CA,820,1002.0,102.0,102.0,1.0,0800-0859,1030,,,,,1000-1059,0.0,1.0,130.0,,,605.0,3
2026,1,1,19,1,1/19/2026 12:00:00 AM,OO,3926,13487,MSP,"Minneapolis, MN",MN,11003,CID,"Cedar Rapids/Iowa City, IA",IA,2130,2329.0,119.0,119.0,1.0,2100-2159,2245,1024.0,,,,2200-2259,0.0,1.0,75.0,,,220.0,1
2026,1,1,19,1,1/19/2026 12:00:00 AM,OO,4043,14747,SEA,"Seattle, WA",WA,14893,SMF,"Sacramento, CA",CA,1530,1529.0,-1.0,0.0,0.0,1500-1559,1730,2011.0,,,,1700-1759,0.0,1.0,120.0,,,605.0,3
2026,1,1,19,1,1/19/2026 12:00:00 AM,OO,4047,14747,SEA,"Seattle, WA",WA,14489,RDM,"Bend/Redmond, OR",OR,2130,2339.0,129.0,129.0,1.0,2100-2159,2247,1031.0,,,,2200-2259,0.0,1.0,77.0,,,228.0,1
2026,1,1,19,1,1/19/2026 12:00:00 AM,OO,5380,14771,SFO,"San Francisco, CA",CA,14698,SBP,"San Luis Obispo, CA",CA,1835,1834.0,-1.0,0.0,0.0,1800-1859,1944,2059.0,,,,1900-1959,0.0,1.0,69.0,,,191.0,1
2026,1,1,19,1,1/19/2026 12:00:00 AM,OO,5425,14771,SFO,"San Francisco, CA",CA,14489,RDM,"Bend/Redmond, OR",OR,1625,1731.0,66.0,66.0,1.0,1600-1659,1812,1453.0,,,,1800-1859,0.0,1.0,107.0,,,462.0,2
2026,1,1,19,1,1/19/2026 12:00:00 AM,OO,5743,11292,DEN,"Denver, CO",CO,11122,CPR,"Casper, WY",WY,935,1030.0,55.0,55.0,1.0,0900-0959,1053,1616.0,,,,1000-1059,0.0,1.0,78.0,,,230.0,1
2026,1,1,19,1,1/19/2026 12:00:00 AM,OO,5875,11292,DEN,"Denver, CO",CO,15041,SUN,"Sun Valley/Hailey/Ketchum, ID",ID,1915,2031.0,76.0,76.0,1.0,1900-1959,2129,1045.0,,,,2100-2159,0.0,1.0,134.0,,,557.0,3
2026,1,1,19,1,1/19/2026 12:00:00 AM,OO,6194,14107,PHX,"Phoenix, AZ",AZ,14893,SMF,"Sacramento, CA",CA,1451,1440.0,-11.0,0.0,0.0,1400-1459,1604,,,,,1600-1659,0.0,1.0,133.0,,,647.0,3
2026,1,1,19,1,1/19/2026 12:00:00 AM,OO,6488,14107,PHX,"Phoenix, AZ",AZ,15041,SUN,"Sun Valley/Hailey/Ketchum, ID",ID,1800,1751.0,-9.0,0.0,0.0,1800-1859,2017,,,,,2000-2059,0.0,1.0,137.0,,,705.0,3
2026,1,1,19,1,1/19/2026 12:00:00 AM,UA,1129,12264,IAD,"Washington, DC",VA,14771,SFO,"San Francisco, CA",CA,1945,1943.0,-2.0,0.0,0.0,1900-1959,2257,534.0,,,,2200-2259,0.0,1.0,372.0,,,2418.0,10
2026,1,1,19,1,1/19/2026 12:00:00 AM,UA,1588,11292,DEN,"Denver, CO",CO,14489,RDM,"Bend/Redmond, OR",OR,1939,1931.0,-8.0,0.0,0.0,1900-1959,2121,952.0,,,,2100-2159,0.0,1.0,162.0,,,898.0,4
2026,1,1,19,1,1/19/2026 12:00:00 AM,WN,1744,11057,CLT,"Charlotte, NC",NC,13232,MDW,"Chicago, IL",IL,550,554.0,4.0,4.0,0.0,0001-0559,655,959.0,,,,0600-0659,0.0,1.0,125.0,,,584.0,3
2026,1,1,19,1,1/19/2026 12:00:00 AM,WN,3356,13487,MSP,"Minneapolis, MN",MN,15016,STL,"St. Louis, MO",MO,520,650.0,90.0,90.0,1.0,0001-0559,710,1203.0,,,,0700-0759,0.0,1.0,110.0,,,448.0,2
2026,1,1,20,2,1/20/2026 12:00:00 AM,AA,2586,14100,PHL,"Philadelphia, PA",PA,14107,PHX,"Phoenix, AZ",AZ,900,854.0,-6.0,0.0,0.0,0900-0959,1232,1536.0,,,,1200-1259,0.0,1.0,332.0,,,2076.0,9
2026,1,1,20,2,1/20/2026 12:00:00 AM,AS,65,15841,WRG,"Wrangell, AK",AK,14256,PSG,"Petersburg, AK",AK,1033,1328.0,175.0,175.0,1.0,1000-1059,1100,,,,,1100-1159,0.0,1.0,27.0,,,31.0,1
2026,1,1,20,2,1/20/2026 12:00:00 AM,AS,67,14828,SIT,"Sitka, AK",AK,12523,JNU,"Juneau, AK",AK,1919,1931.0,12.0,12.0,0.0,1900-1959,2003,,,,,2000-2059,0.0,1.0,44.0,,,95.0,1
2026,1,1,20,2,1/20/2026 12:00:00 AM,B6,109,10721,BOS,"Boston, MA",MA,12451,JAX,"Jacksonville, FL",FL,800,826.0,26.0,26.0,1.0,0800-0859,1109,1409.0,,,,1100-1159,0.0,1.0,189.0,,,1011.0,5
2026,1,1,20,2,1/20/2026 12:00:00 AM,DL,1299,12266,IAH,"Houston, TX",TX,14869,SLC,"Salt Lake City, UT",UT,1841,2238.0,237.0,237.0,1.0,1800-1859,2107,49.0,,,,2100-2159,0.0,1.0,206.0,,,1195.0,5
2026,1,1,20,2,1/20/2026 12:00:00 AM,DL,2107,13487,MSP,"Minneapolis, MN",MN,14908,SNA,"Santa Ana, CA",CA,1825,1922.0,57.0,57.0,1.0,1800-1859,2032,955.0,,,,2000-2059,0.0,1.0,247.0,,,1522.0,7
2026,1,1,20,2,1/20/2026 12:00:00 AM,DL,2412,14986,SRQ,"Sarasota/Bradenton, FL",FL,12953,LGA,"New York, NY",NY,1128,1225.0,57.0,57.0,1.0,1100-1159,1420,1633.0,,,,1400-1459,0.0,1.0,172.0,,,1047.0,5
2026,1,1,20,2,1/20/2026 12:00:00 AM,MQ,3501,14107,PHX,"Phoenix, AZ",AZ,14489,RDM,"Bend/Redmond, OR",OR,1745,1823.0,38.0,38.0,1.0,1700-1759,1924,1109.0,,,,1900-1959,0.0,1.0,159.0,,,893.0,4
2026,1,1,20,2,1/20/2026 12:00:00 AM,OO,3274,10800,BUR,"Burbank, CA",CA,15023,STS,"Santa Rosa, CA",CA,830,826.0,-4.0,0.0,0.0,0800-0859,1023,1235.0,,,,1000-1059,0.0,1.0,113.0,,,387.0,2
2026,1,1,20,2,1/20/2026 12:00:00 AM,OO,3377,12892,LAX,"Los Angeles, CA",CA,15023,STS,"Santa Rosa, CA",CA,835,830.0,-5.0,0.0,0.0,0800-0859,1025,1321.0,,,,1000-1059,0.0,1.0,110.0,,,399.0,2
2026,1,1,20,2,1/20/2026 12:00:00 AM,OO,5320,13930,ORD,"Chicago, IL",IL,10372,ASE,"Aspen, CO",CO,1250,1312.0,22.0,22.0,1.0,1200-1259,1520,,,,,1500-1559,0.0,1.0,210.0,,,1013.0,5
2026,1,1,20,2,1/20/2026 12:00:00 AM,OO,5779,11292,DEN,"Denver, CO",CO,10372,ASE,"Aspen, CO",CO,1905,1907.0,2.0,2.0,0.0,1900-1959,2015,955.0,,,,2000-2059,0.0,1.0,70.0,,,125.0,1
2026,1,1,20,2,1/20/2026 12:00:00 AM,OO,5781,11292,DEN,"Denver, CO",CO,10372,ASE,"Aspen, CO",CO,2049,2102.0,13.0,13.0,0.0,2000-2059,2159,1101.0,,,,2100-2159,0.0,1.0,70.0,,,125.0,1
2026,1,1,20,2,1/20/2026 12:00:00 AM,OO,5786,12892,LAX,"Los Angeles, CA",CA,10372,ASE,"Aspen, CO",CO,1723,1715.0,-8.0,0.0,0.0,1700-1759,2053,944.0,,,,2000-2059,0.0,1.0,150.0,,,737.0,3
2026,1,1,20,2,1/20/2026 12:00:00 AM,OO,5940,12892,LAX,"Los Angeles, CA",CA,10372,ASE,"Aspen, CO",CO,1250,1241.0,-9.0,0.0,0.0,1200-1259,1620,,,,,1600-1659,0.0,1.0,150.0,,,737.0,3
2026,1,1,20,2,1/20/2026 12:00:00 AM,OO,6234,13930,ORD,"Chicago, IL",IL,15041,SUN,"Sun Valley/Hailey/Ketchum, ID",ID,940,1032.0,52.0,52.0,1.0,0900-0959,1246,,,,,1200-1259,0.0,1.0,246.0,,,1341.0,6
2026,1,1,20,2,1/20/2026 12:00:00 AM,UA,2188,11292,DEN,"Denver, CO",CO,11697,FLL,"Fort Lauderdale, FL",FL,935,939.0,4.0,4.0,0.0,0900-0959,1529,1910.0,,,,1500-1559,0.0,1.0,234.0,,,1703.0,7
2026,1,1,20,2,1/20/2026 12:00:00 AM,WN,1295,14679,SAN,"San Diego, CA",CA,12173,HNL,"Honolulu, HI",HI,1640,1640.0,0.0,0.0,0.0,1600-1659,2100,2148.0,,,,2100-2159,0.0,1.0,380.0,,,2614.0,11
2026,1,1,21,3,1/21/2026 12:00:00 AM,AA,1655,11298,DFW,"Dallas/Fort Worth, TX",TX,12953,LGA,"New York, NY",NY,1544,1542.0,-2.0,0.0,0.0,1500-1559,1959,45.0,,,,1900-1959,0.0,1.0,195.0,,,1389.0,6
2026,1,1,21,3,1/21/2026 12:00:00 AM,AA,1865,13930,ORD,"Chicago, IL",IL,12892,LAX,"Los Angeles, CA",CA,902,902.0,0.0,0.0,0.0,0900-0959,1140,1328.0,,,,1100-1159,0.0,1.0,278.0,,,1744.0,7
2026,1,1,21,3,1/21/2026 12:00:00 AM,AA,2684,11057,CLT,"Charlotte, NC",NC,15024,STT,"Charlotte Amalie, VI",VI,832,833.0,1.0,1.0,0.0,0800-0859,1310,1530.0,,,,1300-1359,0.0,1.0,218.0,,,1520.0,7
2026,1,1,21,3,1/21/2026 12:00:00 AM,AA,2816,14100,PHL,"Philadelphia, PA",PA,15024,STT,"Charlotte Amalie, VI",VI,839,834.0,-5.0,0.0,0.0,0800-0859,1346,1506.0,,,,1300-1359,0.0,1.0,247.0,,,1605.0,7
2026,1,1,21,3,1/21/2026 12:00:00 AM,AA,3303,15024,STT,"Charlotte Amalie, VI",VI,12478,JFK,"New York, NY",NY,1546,1636.0,50.0,50.0,1.0,1500-1559,1905,2235.0,,,,1900-1959,0.0,1.0,259.0,,,1623.0,7
2026,1,1,21,3,1/21/2026 12:00:00 AM,AS,62,12523,JNU,"Juneau, AK",AK,14828,SIT,"Sitka, AK",AK,947,1221.0,154.0,154.0,1.0,0900-0959,1041,,,,,1000-1059,0.0,1.0,54.0,,,95.0,1
2026,1,1,21,3,1/21/2026 12:00:00 AM,AS,67,12819,KTN,"Ketchikan, AK",AK,14828,SIT,"Sitka, AK",AK,1733,2010.0,157.0,157.0,1.0,1700-1759,1831,,,,,1800-1859,0.0,1.0,58.0,,,183.0,1
2026,1,1,21,3,1/21/2026 12:00:00 AM,B6,907,10721,BOS,"Boston, MA",MA,15024,STT,"Charlotte Amalie, VI",VI,800,748.0,-12.0,0.0,0.0,0800-0859,1305,1445.0,,,,1300-1359,0.0,1.0,245.0,,,1693.0,7
2026,1,1,21,3,1/21/2026 12:00:00 AM,DL,1823,10397,ATL,"Atlanta, GA",GA,15024,STT,"Charlotte Amalie, VI",VI,805,800.0,-5.0,0.0,0.0,0800-0859,1242,1529.0,,,,1200-1259,0.0,1.0,217.0,,,1599.0,7
2026,1,1,21,3,1/21/2026 12:00:00 AM,DL,1930,12478,JFK,"New York, NY",NY,15024,STT,"Charlotte Amalie, VI",VI,815,813.0,-2.0,0.0,0.0,0800-0859,1322,1507.0,,,,1300-1359,0.0,1.0,247.0,,,1623.0,7
2026,1,1,21,3,1/21/2026 12:00:00 AM,DL,407,15024,STT,"Charlotte Amalie, VI",VI,10721,BOS,"Boston, MA",MA,1432,1628.0,116.0,116.0,1.0,1400-1459,1753,2223.0,,,,1700-1759,0.0,1.0,261.0,,,1693.0,7
2026,1,1,21,3,1/21/2026 12:00:00 AM,MQ,3501,14107,PHX,"Phoenix, AZ",AZ,14489,RDM,"Bend/Redmond, OR",OR,1745,1802.0,17.0,17.0,1.0,1700-1759,1924,953.0,,,,1900-1959,0.0,1.0,159.0,,,893.0,4
2026,1,1,21,3,1/21/2026 12:00:00 AM,MQ,3692,11057,CLT,"Charlotte, NC",NC,12992,LIT,"Little Rock, AR",AR,2139,2137.0,-2.0,0.0,0.0,2100-2159,2311,817.0,,,,2300-2359,0.0,1.0,152.0,,,640.0,3
2026,1,1,21,3,1/21/2026 12:00:00 AM,OH,5669,11278,DCA,"Washington, DC",VA,10581,BGR,"Bangor, ME",ME,2205,2155.0,-10.0,0.0,0.0,2200-2259,2358,1413.0,,,,2300-2359,0.0,1.0,113.0,,,590.0,3
2026,1,1,21,3,1/21/2026 12:00:00 AM,OO,3274,10800,BUR,"Burbank, CA",CA,15023,STS,"Santa Rosa, CA",CA,830,822.0,-8.0,0.0,0.0,0800-0859,1023,1313.0,,,,1000-1059,0.0,1.0,113.0,,,387.0,2
2026,1,1,21,3,1/21/2026 12:00:00 AM,OO,3377,12892,LAX,"Los Angeles, CA",CA,15023,STS,"Santa Rosa, CA",CA,835,832.0,-3.0,0.0,0.0,0800-0859,1025,1418.0,,,,1000-1059,0.0,1.0,110.0,,,399.0,2
2026,1,1,21,3,1/21/2026 12:00:00 AM,OO,3756,14869,SLC,"Salt Lake City, UT",UT,14489,RDM,"Bend/Redmond, OR",OR,2255,2251.0,-4.0,0.0,0.0,2200-2259,2352,137.0,,,,2300-2359,0.0,1.0,117.0,,,525.0,3
2026,1,1,21,3,1/21/2026 12:00:00 AM,OO,4047,14747,SEA,"Seattle, WA",WA,14489,RDM,"Bend/Redmond, OR",OR,2130,2125.0,-5.0,0.0,0.0,2100-2159,2247,110.0,,,,2200-2259,0.0,1.0,77.0,,,228.0,1
2026,1,1,21,3,1/21/2026 12:00:00 AM,OO,6218,13930,ORD,"Chicago, IL",IL,11193,CVG,"Cincinnati, OH",KY,1527,1727.0,120.0,120.0,1.0,1500-1559,1753,340.0,,,,1700-1759,0.0,1.0,86.0,,,264.0,2
2026,1,1,21,3,1/21/2026 12:00:00 AM,OO,6226,14689,SBA,"Santa Barbara, CA",CA,14107,PHX,"Phoenix, AZ",AZ,1002,947.0,-15.0,0.0,0.0,1000-1059,1242,1320.0,,,,1200-1259,0.0,1.0,100.0,,,455.0,2
2026,1,1,21,3,1/21/2026 12:00:00 AM,UA,1529,11618,EWR,"Newark, NJ",NJ,15024,STT,"Charlotte Amalie, VI",VI,700,651.0,-9.0,0.0,0.0,0700-0759,1200,1457.0,,,,1200-1259,0.0,1.0,240.0,,,1634.0,7
2026,1,1,21,3,1/21/2026 12:00:00 AM,UA,795,14492,RDU,"Raleigh/Durham, NC",NC,14771,SFO,"San Francisco, CA",CA,845,838.0,-7.0,0.0,0.0,0800-0859,1156,1313.0,,,,1100-1159,0.0,1.0,371.0,,,2400.0,10
2026,1,1,21,3,1/21/2026 12:00:00 AM,WN,1972,10821,BWI,"Baltimore, MD",MD,10792,BUF,"Buffalo, NY",NY,2035,2031.0,-4.0,0.0,0.0,2000-2059,2155,139.0,,,,2100-2159,0.0,1.0,80.0,,,281.0,2
2026,1,1,21,3,1/21/2026 12:00:00 AM,WN,2394,12954,LGB,"Long Beach, CA",CA,14107,PHX,"Phoenix, AZ",AZ,1010,1003.0,-7.0,0.0,0.0,1000-1059,1230,1347.0,,,,1200-1259,0.0,1.0,80.0,,,355.0,2
2026,1,1,21,3,1/21/2026 12:00:00 AM,WN,2939,13796,OAK,"Oakland, CA",CA,14107,PHX,"Phoenix, AZ",AZ,930,927.0,-3.0,0.0,0.0,0900-0959,1225,1355.0,,,,1200-1259,0.0,1.0,115.0,,,646.0,3
2026,1,1,21,3,1/21/2026 12:00:00 AM,WN,3175,14107,PHX,"Phoenix, AZ",AZ,11042,CLE,"Cleveland, OH",OH,1545,1553.0,8.0,8.0,0.0,1500-1559,2125,2235.0,,,,2100-2159,0.0,1.0,220.0,,,1737.0,7
2026,1,1,21,3,1/21/2026 12:00:00 AM,WN,3412,14679,SAN,"San Diego, CA",CA,14107,PHX,"Phoenix, AZ",AZ,940,948.0,8.0,8.0,0.0,0900-0959,1200,1331.0,,,,1200-1259,0.0,1.0,80.0,,,304.0,2
2026,1,1,21,3,1/21/2026 12:00:00 AM,YX,5639,13342,MKE,"Milwaukee, WI",WI,12953,LGA,"New York, NY",NY,1400,1354.0,-6.0,0.0,0.0,1400-1459,1718,1852.0,,,,1700-1759,0.0,1.0,138.0,,,738.0,3
2026,1,1,22,4,1/22/2026 12:00:00 AM,AA,1845,14122,PIT,"Pittsburgh, PA",PA,11298,DFW,"Dallas/Fort Worth, TX",TX,706,702.0,-4.0,0.0,0.0,0700-0759,950,1336.0,,,,0900-0959,0.0,1.0,224.0,,,1067.0,5
2026,1,1,22,4,1/22/2026 12:00:00 AM,AA,1953,12478,JFK,"New York, NY",NY,11298,DFW,"Dallas/Fort Worth, TX",TX,1656,1649.0,-7.0,0.0,0.0,1600-1659,2020,2307.0,,,,2000-2059,0.0,1.0,264.0,,,1391.0,6
2026,1,1,22,4,1/22/2026 12:00:00 AM,B6,1891,14307,PVD,"Providence, RI",RI,14635,RSW,"Fort Myers, FL",FL,600,557.0,-3.0,0.0,0.0,0600-0659,923,1133.0,,,,0900-0959,0.0,1.0,203.0,,,1200.0,5
2026,1,1,22,4,1/22/2026 12:00:00 AM,DL,1089,10397,ATL,"Atlanta, GA",GA,14635,RSW,"Fort Myers, FL",FL,805,758.0,-7.0,0.0,0.0,0800-0859,950,1125.0,,,,0900-0959,0.0,1.0,105.0,,,515.0,3
2026,1,1,22,4,1/22/2026 12:00:00 AM,DL,1367,14869,SLC,"Salt Lake City, UT",UT,14893,SMF,"Sacramento, CA",CA,755,746.0,-9.0,0.0,0.0,0700-0759,855,1143.0,,,,0800-0859,0.0,1.0,120.0,,,532.0,3
2026,1,1,22,4,1/22/2026 12:00:00 AM,DL,2082,13244,MEM,"Memphis, TN",TN,12892,LAX,"Los Angeles, CA",CA,1840,942.0,902.0,902.0,1.0,1800-1859,2107,1153.0,,,,2100-2159,0.0,1.0,267.0,,,1619.0,7
2026,1,1,22,4,1/22/2026 12:00:00 AM,MQ,4183,10792,BUF,"Buffalo, NY",NY,13930,ORD,"Chicago, IL",IL,1716,1711.0,-5.0,0.0,0.0,1700-1759,1840,2057.0,,,,1800-1859,0.0,1.0,144.0,,,474.0,2
2026,1,1,22,4,1/22/2026 12:00:00 AM,OO,3756,14869,SLC,"Salt Lake City, UT",UT,14489,RDM,"Bend/Redmond, OR",OR,2255,2252.0,-3.0,0.0,0.0,2200-2259,2352,1022.0,,,,2300-2359,0.0,1.0,117.0,,,525.0,3
2026,1,1,22,4,1/22/2026 12:00:00 AM,OO,3786,10785,BTV,"Burlington, VT",VT,11433,DTW,"Detroit, MI",MI,710,706.0,-4.0,0.0,0.0,0700-0759,925,1641.0,,,,0900-0959,0.0,1.0,135.0,,,537.0,3
2026,1,1,22,4,1/22/2026 12:00:00 AM,OO,5022,12264,IAD,"Washington, DC",VA,12559,JST,"Johnstown, PA",PA,1248,1236.0,-12.0,0.0,0.0,1200-1259,1353,1743.0,,,,1300-1359,0.0,1.0,65.0,,,119.0,1
2026,1,1,22,4,1/22/2026 12:00:00 AM,OO,5102,11292,DEN,"Denver, CO",CO,11447,DVL,"Devils Lake, ND",ND,745,742.0,-3.0,0.0,0.0,0700-0759,1100,1602.0,,,,1100-1159,0.0,1.0,135.0,,,638.0,3
2026,1,1,22,4,1/22/2026 12:00:00 AM,OO,5525,13930,ORD,"Chicago, IL",IL,10785,BTV,"Burlington, VT",VT,1120,1115.0,-5.0,0.0,0.0,1100-1159,1452,1709.0,,,,1400-1459,0.0,1.0,152.0,,,763.0,4
2026,1,1,22,4,1/22/2026 12:00:00 AM,OO,6488,14107,PHX,"Phoenix, AZ",AZ,15041,SUN,"Sun Valley/Hailey/Ketchum, ID",ID,1800,1841.0,41.0,41.0,1.0,1800-1859,2017,,,,,2000-2059,0.0,1.0,137.0,,,705.0,3
2026,1,1,22,4,1/22/2026 12:00:00 AM,OO,6493,13930,ORD,"Chicago, IL",IL,11721,FNT,"Flint, MI",MI,2112,2140.0,28.0,28.0,1.0,2100-2159,2326,241.0,,,,2300-2359,0.0,1.0,74.0,,,223.0,1
2026,1,1,22,4,1/22/2026 12:00:00 AM,UA,1800,12892,LAX,"Los Angeles, CA",CA,14635,RSW,"Fort Myers, FL",FL,2235,2239.0,4.0,4.0,0.0,2200-2259,617,1123.0,,,,0600-0659,0.0,1.0,282.0,,,2238.0,9
2026,1,1,23,5,1/23/2026 12:00:00 AM,AA,1513,11298,DFW,"Dallas/Fort Worth, TX",TX,10561,BFL,"Bakersfield, CA",CA,1941,2143.0,122.0,122.0,1.0,1900-1959,2112,1300.0,,,,2100-2159,0.0,1.0,211.0,,,1271.0,6
2026,1,1,23,5,1/23/2026 12:00:00 AM,AA,2034,14100,PHL,"Philadelphia, PA",PA,13495,MSY,"New Orleans, LA",LA,815,807.0,-8.0,0.0,0.0,0800-0859,1042,1312.0,,,,1000-1059,0.0,1.0,207.0,,,1089.0,5
2026,1,1,23,5,1/23/2026 12:00:00 AM,AA,2198,14100,PHL,"Philadelphia, PA",PA,12451,JAX,"Jacksonville, FL",FL,1910,1929.0,19.0,19.0,1.0,1900-1959,2142,33.0,,,,2100-2159,0.0,1.0,152.0,,,742.0,3
2026,1,1,23,5,1/23/2026 12:00:00 AM,AS,1021,12402,ITO,"Hilo, HI",HI,12173,HNL,"Honolulu, HI",HI,859,929.0,30.0,30.0,1.0,0800-0859,957,1124.0,,,,0900-0959,0.0,1.0,58.0,,,216.0,1
2026,1,1,23,5,1/23/2026 12:00:00 AM,AS,61,12523,JNU,"Juneau, AK",AK,15991,YAK,"Yakutat, AK",AK,935,1110.0,95.0,95.0,1.0,0900-0959,1047,,,,,1000-1059,0.0,1.0,72.0,,,199.0,1
2026,1,1,23,5,1/23/2026 12:00:00 AM,AS,66,10926,CDV,"Cordova, AK",AK,15991,YAK,"Yakutat, AK",AK,1533,1641.0,68.0,68.0,1.0,1500-1559,1627,,,,,1600-1659,0.0,1.0,54.0,,,213.0,1
2026,1,1,23,5,1/23/2026 12:00:00 AM,DL,2081,13487,MSP,"Minneapolis, MN",MN,14908,SNA,"Santa Ana, CA",CA,1030,1655.0,385.0,385.0,1.0,1000-1059,1242,2130.0,,,,1200-1259,0.0,1.0,252.0,,,1522.0,7
2026,1,1,23,5,1/23/2026 12:00:00 AM,MQ,3459,13930,ORD,"Chicago, IL",IL,14683,SAT,"San Antonio, TX",TX,1000,1037.0,37.0,37.0,1.0,1000-1059,1320,1816.0,,,,1300-1359,0.0,1.0,200.0,,,1041.0,5
2026,1,1,23,5,1/23/2026 12:00:00 AM,NK,1620,12889,LAS,"Las Vegas, NV",NV,10800,BUR,"Burbank, CA",CA,700,652.0,-8.0,0.0,0.0,0700-0759,813,1132.0,,,,0800-0859,0.0,1.0,73.0,,,223.0,1
2026,1,1,23,5,1/23/2026 12:00:00 AM,OH,5341,11278,DCA,"Washington, DC",VA,11433,DTW,"Detroit, MI",MI,1705,1916.0,131.0,131.0,1.0,1700-1759,1859,,,,,1800-1859,0.0,1.0,114.0,,,405.0,2
2026,1,1,23,5,1/23/2026 12:00:00 AM,OH,5368,11278,DCA,"Washington, DC",VA,12217,HSV,"Huntsville, AL",AL,1634,1629.0,-5.0,0.0,0.0,1600-1659,1754,1346.0,,,,1700-1759,0.0,1.0,140.0,,,613.0,3
2026,1,1,23,5,1/23/2026 12:00:00 AM,OO,3680,10397,ATL,"Atlanta, GA",GA,10372,ASE,"Aspen, CO",CO,1215,1206.0,-9.0,0.0,0.0,1200-1259,1416,,,,,1400-1459,0.0,1.0,241.0,,,1304.0,6
2026,1,1,23,5,1/23/2026 12:00:00 AM,OO,4234,14869,SLC,"Salt Lake City, UT",UT,11921,GJT,"Grand Junction, CO",CO,2055,2051.0,-4.0,0.0,0.0,2000-2059,2202,2334.0,,,,2200-2259,0.0,1.0,67.0,,,217.0,1
2026,1,1,23,5,1/23/2026 12:00:00 AM,OO,4672,11292,DEN,"Denver, CO",CO,10561,BFL,"Bakersfield, CA",CA,1910,2018.0,68.0,68.0,1.0,1900-1959,2104,,,,,2100-2159,0.0,1.0,174.0,,,845.0,4
2026,1,1,23,5,1/23/2026 12:00:00 AM,OO,4915,11298,DFW,"Dallas/Fort Worth, TX",TX,11982,GRK,"Killeen, TX",TX,853,910.0,17.0,17.0,1.0,0800-0859,1005,1557.0,,,,1000-1059,0.0,1.0,72.0,,,134.0,1
2026,1,1,23,5,1/23/2026 12:00:00 AM,OO,5354,12266,IAH,"Houston, TX",TX,10372,ASE,"Aspen, CO",CO,1200,1154.0,-6.0,0.0,0.0,1200-1259,1417,,,,,1400-1459,0.0,1.0,197.0,,,913.0,4
2026,1,1,23,5,1/23/2026 12:00:00 AM,OO,5421,11292,DEN,"Denver, CO",CO,12896,LBB,"Lubbock, TX",TX,1349,1358.0,9.0,9.0,0.0,1300-1359,1625,,,,,1600-1659,0.0,1.0,96.0,,,456.0,2
2026,1,1,23,5,1/23/2026 12:00:00 AM,OO,5605,12892,LAX,"Los Angeles, CA",CA,10372,ASE,"Aspen, CO",CO,917,1257.0,220.0,220.0,1.0,0900-0959,1303,,,,,1300-1359,0.0,1.0,166.0,,,737.0,3
2026,1,1,23,5,1/23/2026 12:00:00 AM,OO,5711,14771,SFO,"San Francisco, CA",CA,10372,ASE,"Aspen, CO",CO,1625,1638.0,13.0,13.0,0.0,1600-1659,1952,,,,,1900-1959,0.0,1.0,147.0,,,848.0,4
2026,1,1,23,5,1/23/2026 12:00:00 AM,OO,5833,13930,ORD,"Chicago, IL",IL,15376,TUS,"Tucson, AZ",AZ,921,1028.0,67.0,67.0,1.0,0900-0959,1252,1601.0,,,,1200-1259,0.0,1.0,271.0,,,1437.0,6
2026,1,1,23,5,1/23/2026 12:00:00 AM,OO,5928,13930,ORD,"Chicago, IL",IL,10713,BOI,"Boise, ID",ID,915,920.0,5.0,5.0,0.0,0900-0959,1239,1508.0,,,,1200-1259,0.0,1.0,264.0,,,1437.0,6
2026,1,1,23,5,1/23/2026 12:00:00 AM,OO,6205,14107,PHX,"Phoenix, AZ",AZ,11921,GJT,"Grand Junction, CO",CO,1646,756.0,910.0,910.0,1.0,1600-1659,1819,1249.0,,,,1800-1859,0.0,1.0,93.0,,,438.0,2
2026,1,1,23,5,1/23/2026 12:00:00 AM,OO,6222,11298,DFW,"Dallas/Fort Worth, TX",TX,12012,GUC,"Gunnison, CO",CO,1035,1030.0,-5.0,0.0,0.0,1000-1059,1206,,,,,1200-1259,0.0,1.0,151.0,,,678.0,3
2026,1,1,23,5,1/23/2026 12:00:00 AM,OO,6234,13930,ORD,"Chicago, IL",IL,15041,SUN,"Sun Valley/Hailey/Ketchum, ID",ID,940,935.0,-5.0,0.0,0.0,0900-0959,1246,,,,,1200-1259,0.0,1.0,246.0,,,1341.0,6
2026,1,1,23,5,1/23/2026 12:00:00 AM,OO,6237,11298,DFW,"Dallas/Fort Worth, TX",TX,12012,GUC,"Gunnison, CO",CO,1253,1251.0,-2.0,0.0,0.0,1200-1259,1422,,,,,1400-1459,0.0,1.0,149.0,,,678.0,3
2026,1,1,23,5,1/23/2026 12:00:00 AM,OO,6250,13930,ORD,"Chicago, IL",IL,10372,ASE,"Aspen, CO",CO,1140,1243.0,63.0,63.0,1.0,1100-1159,1418,,,,,1400-1459,0.0,1.0,218.0,,,1013.0,5
2026,1,1,23,5,1/23/2026 12:00:00 AM,OO,6335,14696,SBN,"South Bend, IN",IN,11298,DFW,"Dallas/Fort Worth, TX",TX,725,726.0,1.0,1.0,0.0,0700-0759,935,1422.0,,,,0900-0959,0.0,1.0,190.0,,,846.0,4
2026,1,1,23,5,1/23/2026 12:00:00 AM,OO,6338,11298,DFW,"Dallas/Fort Worth, TX",TX,10372,ASE,"Aspen, CO",CO,1725,1917.0,112.0,112.0,1.0,1700-1759,1904,,,,,1900-1959,0.0,1.0,159.0,,,701.0,3
2026,1,1,23,5,1/23/2026 12:00:00 AM,OO,6375,11057,CLT,"Charlotte, NC",NC,10372,ASE,"Aspen, CO",CO,1115,1152.0,37.0,37.0,1.0,1100-1159,1337,,,,,1300-1359,0.0,1.0,262.0,,,1451.0,6
2026,1,1,23,5,1/23/2026 12:00:00 AM,OO,6394,11298,DFW,"Dallas/Fort Worth, TX",TX,10372,ASE,"Aspen, CO",CO,1450,2151.0,421.0,421.0,1.0,1400-1459,1628,,,,,1600-1659,0.0,1.0,158.0,,,701.0,3
2026,1,1,23,5,1/23/2026 12:00:00 AM,OO,6488,14107,PHX,"Phoenix, AZ",AZ,15041,SUN,"Sun Valley/Hailey/Ketchum, ID",ID,1800,1750.0,-10.0,0.0,0.0,1800-1859,2017,,,,,2000-2059,0.0,1.0,137.0,,,705.0,3
2026,1,1,23,5,1/23/2026 12:00:00 AM,UA,1437,13930,ORD,"Chicago, IL",IL,13303,MIA,"Miami, FL",FL,1755,1758.0,3.0,3.0,0.0,1700-1759,2215,317.0,,,,2200-2259,0.0,1.0,200.0,,,1197.0,5
2026,1,1,23,5,1/23/2026 12:00:00 AM,UA,2472,13930,ORD,"Chicago, IL",IL,14679,SAN,"San Diego, CA",CA,1957,2342.0,225.0,225.0,1.0,1900-1959,2233,,,,,2200-2259,0.0,1.0,276.0,,,1723.0,7
2026,1,1,23,5,1/23/2026 12:00:00 AM,WN,1591,15016,STL,"St. Louis, MO",MO,11042,CLE,"Cleveland, OH",OH,815,803.0,-12.0,0.0,0.0,0800-0859,1045,1229.0,,,,1000-1059,0.0,1.0,90.0,,,487.0,2
2026,1,1,23,5,1/23/2026 12:00:00 AM,WN,1651,10821,BWI,"Baltimore, MD",MD,13296,MHT,"Manchester, NH",NH,1254,1222.0,-32.0,0.0,0.0,1200-1259,1210,1559.0,,,,1200-1259,0.0,1.0,-44.0,,,377.0,2
2026,1,1,23,5,1/23/2026 12:00:00 AM,WN,2148,12896,LBB,"Lubbock, TX",TX,10423,AUS,"Austin, TX",TX,730,727.0,-3.0,0.0,0.0,0700-0759,850,1111.0,,,,0800-0859,0.0,1.0,80.0,,,341.0,2
2026,1,1,24,6,1/24/2026 12:00:00 AM,AA,116,13830,OGG,"Kahului, HI",HI,11298,DFW,"Dallas/Fort Worth, TX",TX,1900,1900.0,0.0,0.0,0.0,1900-1959,553,2100.0,,,,0001-0559,0.0,1.0,413.0,,,3710.0,11
2026,1,1,24,6,1/24/2026 12:00:00 AM,AA,1643,14107,PHX,"Phoenix, AZ",AZ,12892,LAX,"Los Angeles, CA",CA,850,939.0,49.0,49.0,1.0,0800-0859,927,1329.0,,,,0900-0959,0.0,1.0,97.0,,,370.0,2
2026,1,1,24,6,1/24/2026 12:00:00 AM,AA,2674,14843,SJU,"San Juan, PR",PR,11057,CLT,"Charlotte, NC",NC,1755,1848.0,53.0,53.0,1.0,1700-1759,2100,,,,,2100-2159,0.0,1.0,245.0,,,1475.0,6
2026,1,1,24,6,1/24/2026 12:00:00 AM,AA,2821,15027,STX,"Christiansted, VI",VI,11057,CLT,"Charlotte, NC",NC,1655,1859.0,124.0,124.0,1.0,1600-1659,2014,,,,,2000-2059,0.0,1.0,259.0,,,1562.0,7
2026,1,1,24,6,1/24/2026 12:00:00 AM,AS,394,13830,OGG,"Kahului, HI",HI,10299,ANC,"Anchorage, AK",AK,2224,2240.0,16.0,16.0,1.0,2200-2259,522,,,,,0001-0559,0.0,1.0,358.0,,,2797.0,11
2026,1,1,24,6,1/24/2026 12:00:00 AM,AS,903,14679,SAN,"San Diego, CA",CA,12173,HNL,"Honolulu, HI",HI,1700,1659.0,-1.0,0.0,0.0,1700-1759,2121,2400.0,,,,2100-2159,0.0,1.0,381.0,,,2614.0,11
2026,1,1,24,6,1/24/2026 12:00:00 AM,DL,1043,11433,DTW,"Detroit, MI",MI,12266,IAH,"Houston, TX",TX,850,853.0,3.0,3.0,0.0,0800-0859,1117,1203.0,,,,1100-1159,0.0,1.0,207.0,,,1075.0,5
2026,1,1,24,6,1/24/2026 12:00:00 AM,DL,3111,10397,ATL,"Atlanta, GA",GA,10781,BTR,"Baton Rouge, LA",LA,2125,2120.0,-5.0,0.0,0.0,2100-2159,2201,2356.0,,,,2200-2259,0.0,1.0,96.0,,,448.0,2
2026,1,1,24,6,1/24/2026 12:00:00 AM,G4,893,14952,SPI,"Springfield, IL",IL,14082,PGD,"Punta Gorda, FL",FL,1846,2145.0,179.0,179.0,1.0,1800-1859,2216,1439.0,,,,2200-2259,0.0,1.0,150.0,,,995.0,4
2026,1,1,24,6,1/24/2026 12:00:00 AM,NK,2205,13930,ORD,"Chicago, IL",IL,14843,SJU,"San Juan, PR",PR,1217,1606.0,229.0,229.0,1.0,1200-1259,1849,140.0,,,,1800-1859,0.0,1.0,272.0,,,2072.0,9
2026,1,1,24,6,1/24/2026 12:00:00 AM,OH,5431,11057,CLT,"Charlotte, NC",NC,12197,HPN,"White Plains, NY",NY,829,823.0,-6.0,0.0,0.0,0800-0859,1030,1307.0,,,,1000-1059,0.0,1.0,121.0,,,564.0,3
2026,1,1,24,6,1/24/2026 12:00:00 AM,OO,4934,10372,ASE,"Aspen, CO",CO,11298,DFW,"Dallas/Fort Worth, TX",TX,1449,1525.0,36.0,36.0,1.0,1400-1459,1808,,,,,1800-1859,0.0,1.0,139.0,,,701.0,3
2026,1,1,24,6,1/24/2026 12:00:00 AM,UA,363,11618,EWR,"Newark, NJ",NJ,12173,HNL,"Honolulu, HI",HI,910,937.0,27.0,27.0,1.0,0900-0959,1530,28.0,,,,1500-1559,0.0,1.0,680.0,,,4962.0,11
2026,1,1,24,6,1/24/2026 12:00:00 AM,WN,1379,11066,CMH,"Columbus, OH",OH,14635,RSW,"Fort Myers, FL",FL,605,622.0,17.0,17.0,1.0,0600-0659,855,1036.0,,,,0800-0859,0.0,1.0,170.0,,,930.0,4
2026,1,1,24,6,1/24/2026 12:00:00 AM,WN,2007,14679,SAN,"San Diego, CA",CA,12339,IND,"Indianapolis, IN",IN,1025,1023.0,-2.0,0.0,0.0,1000-1059,1720,2245.0,,,,1700-1759,0.0,1.0,235.0,,,1782.0,8
2026,1,1,24,6,1/24/2026 12:00:00 AM,WN,2887,13204,MCO,"Orlando, FL",FL,14107,PHX,"Phoenix, AZ",AZ,1235,1236.0,1.0,1.0,0.0,1200-1259,1545,2107.0,,,,1500-1559,0.0,1.0,310.0,,,1849.0,8
2026,1,1,25,7,1/25/2026 12:00:00 AM,AA,1687,12892,LAX,"Los Angeles, CA",CA,11298,DFW,"Dallas/Fort Worth, TX",TX,1050,1050.0,0.0,0.0,0.0,1000-1059,1554,1916.0,,,,1500-1559,0.0,1.0,184.0,,,1235.0,5
2026,1,1,25,7,1/25/2026 12:00:00 AM,AA,1820,13891,ONT,"Ontario, CA",CA,11298,DFW,"Dallas/Fort Worth, TX",TX,1058,1116.0,18.0,18.0,1.0,1000-1059,1555,2038.0,,,,1500-1559,0.0,1.0,177.0,,,1188.0,5
2026,1,1,25,7,1/25/2026 12:00:00 AM,AA,2010,13303,MIA,"Miami, FL",FL,10693,BNA,"Nashville, TN",TN,1316,1347.0,31.0,31.0,1.0,1300-1359,1447,2350.0,,,,1400-1459,0.0,1.0,151.0,,,806.0,4
2026,1,1,25,7,1/25/2026 12:00:00 AM,AA,2498,13303,MIA,"Miami, FL",FL,13495,MSY,"New Orleans, LA",LA,734,731.0,-3.0,0.0,0.0,0700-0759,856,1305.0,,,,0800-0859,0.0,1.0,142.0,,,674.0,3
2026,1,1,25,7,1/25/2026 12:00:00 AM,AA,2811,14843,SJU,"San Juan, PR",PR,11057,CLT,"Charlotte, NC",NC,1358,1532.0,94.0,94.0,1.0,1300-1359,1704,1008.0,,,,1700-1759,0.0,1.0,246.0,,,1475.0,6
2026,1,1,25,7,1/25/2026 12:00:00 AM,DL,1012,10397,ATL,"Atlanta, GA",GA,14783,SGF,"Springfield, MO",MO,1525,1630.0,65.0,65.0,1.0,1500-1559,1615,2050.0,,,,1600-1659,0.0,1.0,110.0,,,563.0,3
2026,1,1,25,7,1/25/2026 12:00:00 AM,DL,1246,13342,MKE,"Milwaukee, WI",WI,10397,ATL,"Atlanta, GA",GA,1542,1554.0,12.0,12.0,0.0,1500-1559,1859,148.0,,,,1800-1859,0.0,1.0,137.0,,,669.0,3
2026,1,1,25,7,1/25/2026 12:00:00 AM,DL,1328,10397,ATL,"Atlanta, GA",GA,13303,MIA,"Miami, FL",FL,1617,1651.0,34.0,34.0,1.0,1600-1659,1820,2125.0,,,,1800-1859,0.0,1.0,123.0,,,594.0,3
2026,1,1,25,7,1/25/2026 12:00:00 AM,DL,1809,15027,STX,"Christiansted, VI",VI,10397,ATL,"Atlanta, GA",GA,1533,1744.0,131.0,131.0,1.0,1500-1559,1852,324.0,,,,1800-1859,0.0,1.0,259.0,,,1638.0,7
2026,1,1,25,7,1/25/2026 12:00:00 AM,DL,1823,15024,STT,"Charlotte Amalie, VI",VI,10397,ATL,"Atlanta, GA",GA,1352,1535.0,103.0,103.0,1.0,1300-1359,1705,59.0,,,,1700-1759,0.0,1.0,253.0,,,1599.0,7
2026,1,1,25,7,1/25/2026 12:00:00 AM,DL,566,15016,STL,"St. Louis, MO",MO,10397,ATL,"Atlanta, GA",GA,710,747.0,37.0,37.0,1.0,0700-0759,955,1432.0,,,,0900-0959,0.0,1.0,105.0,,,484.0,2
2026,1,1,25,7,1/25/2026 12:00:00 AM,F9,1815,10423,AUS,"Austin, TX",TX,11292,DEN,"Denver, CO",CO,655,1230.0,335.0,335.0,1.0,0600-0659,821,2022.0,,,,0800-0859,0.0,1.0,146.0,,,775.0,4
2026,1,1,25,7,1/25/2026 12:00:00 AM,G4,2509,14082,PGD,"Punta Gorda, FL",FL,13232,MDW,"Chicago, IL",IL,730,720.0,-10.0,0.0,0.0,0700-0759,927,1200.0,,,,0900-0959,0.0,1.0,177.0,,,1076.0,5
2026,1,1,25,7,1/25/2026 12:00:00 AM,MQ,3402,13930,ORD,"Chicago, IL",IL,14783,SGF,"Springfield, MO",MO,1422,1546.0,84.0,84.0,1.0,1400-1459,1614,2121.0,,,,1600-1659,0.0,1.0,112.0,,,438.0,2
2026,1,1,25,7,1/25/2026 12:00:00 AM,OO,3483,14057,PDX,"Portland, OR",OR,15023,STS,"Santa Rosa, CA",CA,715,720.0,5.0,5.0,0.0,0700-0759,858,1054.0,,,,0800-0859,0.0,1.0,103.0,,,489.0,2
2026,1,1,25,7,1/25/2026 12:00:00 AM,OO,3967,11433,DTW,"Detroit, MI",MI,10994,CHS,"Charleston, SC",SC,1525,1548.0,23.0,23.0,1.0,1500-1559,1743,2308.0,,,,1700-1759,0.0,1.0,138.0,,,667.0,3
2026,1,1,25,7,1/25/2026 12:00:00 AM,OO,5940,12892,LAX,"Los Angeles, CA",CA,10372,ASE,"Aspen, CO",CO,1250,1247.0,-3.0,0.0,0.0,1200-1259,1620,,,,,1600-1659,0.0,1.0,150.0,,,737.0,3
2026,1,1,25,7,1/25/2026 12:00:00 AM,UA,1803,11292,DEN,"Denver, CO",CO,12094,HDN,"Hayden, CO",CO,1325,1323.0,-2.0,0.0,0.0,1300-1359,1425,1643.0,,,,1400-1459,0.0,1.0,60.0,,,141.0,1
2026,1,1,25,7,1/25/2026 12:00:00 AM,UA,204,11697,FLL,"Fort Lauderdale, FL",FL,11292,DEN,"Denver, CO",CO,930,939.0,9.0,9.0,0.0,0900-0959,1210,1442.0,,,,1200-1259,0.0,1.0,280.0,,,1703.0,7
2026,1,1,25,7,1/25/2026 12:00:00 AM,UA,2114,14771,SFO,"San Francisco, CA",CA,11298,DFW,"Dallas/Fort Worth, TX",TX,1045,1044.0,-1.0,0.0,0.0,1000-1059,1620,2122.0,,,,1600-1659,0.0,1.0,215.0,,,1464.0,6
2026,1,1,25,7,1/25/2026 12:00:00 AM,UA,2329,14698,SBP,"San Luis Obispo, CA",CA,11292,DEN,"Denver, CO",CO,500,459.0,-1.0,0.0,0.0,0001-0559,830,1454.0,,,,0800-0859,0.0,1.0,150.0,,,931.0,4
2026,1,1,25,7,1/25/2026 12:00:00 AM,UA,478,10620,BIL,"Billings, MT",MT,11292,DEN,"Denver, CO",CO,1445,1439.0,-6.0,0.0,0.0,1400-1459,1629,1956.0,,,,1600-1659,0.0,1.0,104.0,,,455.0,2
2026,1,1,25,7,1/25/2026 12:00:00 AM,UA,671,11292,DEN,"Denver, CO",CO,14689,SBA,"Santa Barbara, CA",CA,1131,1152.0,21.0,21.0,1.0,1100-1159,1315,1741.0,,,,1300-1359,0.0,1.0,164.0,,,916.0,4
2026,1,1,25,7,1/25/2026 12:00:00 AM,WN,1533,11292,DEN,"Denver, CO",CO,12094,HDN,"Hayden, CO",CO,1250,1250.0,0.0,0.0,0.0,1200-1259,1350,1858.0,,,,1300-1359,0.0,1.0,60.0,,,141.0,1
2026,1,1,25,7,1/25/2026 12:00:00 AM,WN,1670,11259,DAL,"Dallas, TX",TX,15624,VPS,"Valparaiso, FL",FL,1155,1202.0,7.0,7.0,0.0,1100-1159,1345,1710.0,,,,1300-1359,0.0,1.0,110.0,,,630.0,3
2026,1,1,25,7,1/25/2026 12:00:00 AM,WN,1679,12339,IND,"Indianapolis, IN",IN,10693,BNA,"Nashville, TN",TN,1245,1414.0,89.0,89.0,1.0,1200-1259,1310,1800.0,,,,1300-1359,0.0,1.0,85.0,,,249.0,1
2026,1,1,25,7,1/25/2026 12:00:00 AM,WN,1766,15016,STL,"St. Louis, MO",MO,10693,BNA,"Nashville, TN",TN,1417,1351.0,-26.0,0.0,0.0,1400-1459,1708,1804.0,,,,1700-1759,0.0,1.0,171.0,,,272.0,2
2026,1,1,25,7,1/25/2026 12:00:00 AM,WN,2186,11292,DEN,"Denver, CO",CO,10423,AUS,"Austin, TX",TX,600,554.0,-6.0,0.0,0.0,0600-0659,920,1255.0,,,,0900-0959,0.0,1.0,140.0,,,775.0,4
2026,1,1,25,7,1/25/2026 12:00:00 AM,WN,680,14107,PHX,"Phoenix, AZ",AZ,10423,AUS,"Austin, TX",TX,620,612.0,-8.0,0.0,0.0,0600-0659,925,1159.0,,,,0900-0959,0.0,1.0,125.0,,,872.0,4
2026,1,1,25,7,1/25/2026 12:00:00 AM,WN,699,10721,BOS,"Boston, MA",MA,13232,MDW,"Chicago, IL",IL,520,517.0,-3.0,0.0,0.0,0001-0559,710,1004.0,,,,0700-0759,0.0,1.0,170.0,,,861.0,4
2026,1,1,25,7,1/25/2026 12:00:00 AM,WN,747,11259,DAL,"Dallas, TX",TX,10994,CHS,"Charleston, SC",SC,1530,1552.0,22.0,22.0,1.0,1500-1559,1845,2215.0,,,,1800-1859,0.0,1.0,135.0,,,977.0,4
2026,1,1,26,1,1/26/2026 12:00:00 AM,AA,1332,14100,PHL,"Philadelphia, PA",PA,11624,EYW,"Key West, FL",FL,1035,1658.0,383.0,383.0,1.0,1000-1059,1403,2002.0,,,,1400-1459,0.0,1.0,208.0,,,1122.0,5
2026,1,1,26,1,1/26/2026 12:00:00 AM,AA,1366,11298,DFW,"Dallas/Fort Worth, TX",TX,10721,BOS,"Boston, MA",MA,1622,2217.0,355.0,355.0,1.0,1600-1659,2053,1530.0,,,,2000-2059,0.0,1.0,211.0,,,1562.0,7
2026,1,1,26,1,1/26/2026 12:00:00 AM,AA,1437,14107,PHX,"Phoenix, AZ",AZ,11278,DCA,"Washington, DC",VA,1409,1810.0,241.0,241.0,1.0,1400-1459,2015,1859.0,,,,2000-2059,0.0,1.0,246.0,,,1979.0,8
2026,1,1,26,1,1/26/2026 12:00:00 AM,AA,1588,14107,PHX,"Phoenix, AZ",AZ,11278,DCA,"Washington, DC",VA,55,126.0,31.0,31.0,1.0,0001-0559,700,1210.0,,,,0700-0759,0.0,1.0,245.0,,,1979.0,8
2026,1,1,26,1,1/26/2026 12:00:00 AM,AA,2306,11298,DFW,"Dallas/Fort Worth, TX",TX,10721,BOS,"Boston, MA",MA,1430,1940.0,310.0,310.0,1.0,1400-1459,1859,1651.0,,,,1800-1859,0.0,1.0,209.0,,,1562.0,7
2026,1,1,26,1,1/26/2026 12:00:00 AM,AA,2444,10849,BZN,"Bozeman, MT",MT,11298,DFW,"Dallas/Fort Worth, TX",TX,1413,1422.0,9.0,9.0,0.0,1400-1459,1814,1123.0,,,,1800-1859,0.0,1.0,181.0,,,1163.0,5
2026,1,1,26,1,1/26/2026 12:00:00 AM,AA,2489,12953,LGA,"New York, NY",NY,11298,DFW,"Dallas/Fort Worth, TX",TX,900,1403.0,303.0,303.0,1.0,0900-0959,1224,,,,,1200-1259,0.0,1.0,264.0,,,1389.0,6
2026,1,1,26,1,1/26/2026 12:00:00 AM,AA,2683,14492,RDU,"Raleigh/Durham, NC",NC,11298,DFW,"Dallas/Fort Worth, TX",TX,1130,1357.0,147.0,147.0,1.0,1100-1159,1359,1108.0,,,,1300-1359,0.0,1.0,209.0,,,1061.0,5
2026,1,1,26,1,1/26/2026 12:00:00 AM,AA,2951,12953,LGA,"New York, NY",NY,11298,DFW,"Dallas/Fort Worth, TX",TX,1325,1511.0,106.0,106.0,1.0,1300-1359,1650,1114.0,,,,1600-1659,0.0,1.0,265.0,,,1389.0,6
2026,1,1,26,1,1/26/2026 12:00:00 AM,AA,3185,11298,DFW,"Dallas/Fort Worth, TX",TX,12889,LAS,"Las Vegas, NV",NV,1600,2317.0,437.0,437.0,1.0,1600-1659,1703,,,,,1700-1759,0.0,1.0,183.0,,,1055.0,5
2026,1,1,26,1,1/26/2026 12:00:00 AM,AS,14,14679,SAN,"San Diego, CA",CA,11278,DCA,"Washington, DC",VA,1253,1328.0,35.0,35.0,1.0,1200-1259,2100,,,,,2100-2159,0.0,1.0,307.0,,,2276.0,10
2026,1,1,26,1,1/26/2026 12:00:00 AM,AS,66,10299,ANC,"Anchorage, AK",AK,10926,CDV,"Cordova, AK",AK,1347,1525.0,98.0,98.0,1.0,1300-1359,1445,,,,,1400-1459,0.0,1.0,58.0,,,160.0,1
2026,1,1,26,1,1/26/2026 12:00:00 AM,AS,732,14004,PAE,"Everett, WA",WA,14107,PHX,"Phoenix, AZ",AZ,820,1459.0,399.0,399.0,1.0,0800-0859,1216,2212.0,,,,1200-1259,0.0,1.0,176.0,,,1133.0,5
2026,1,1,26,1,1/26/2026 12:00:00 AM,DL,459,14747,SEA,"Seattle, WA",WA,10721,BOS,"Boston, MA",MA,740,825.0,45.0,45.0,1.0,0700-0759,1609,2147.0,,,,1600-1659,0.0,1.0,329.0,,,2496.0,10
2026,1,1,26,1,1/26/2026 12:00:00 AM,DL,499,11292,DEN,"Denver, CO",CO,10721,BOS,"Boston, MA",MA,1138,1200.0,22.0,22.0,1.0,1100-1159,1735,2305.0,,,,1700-1759,0.0,1.0,237.0,,,1754.0,8
2026,1,1,26,1,1/26/2026 12:00:00 AM,DL,726,10397,ATL,"Atlanta, GA",GA,10721,BOS,"Boston, MA",MA,1345,1419.0,34.0,34.0,1.0,1300-1359,1615,2100.0,,,,1600-1659,0.0,1.0,150.0,,,946.0,4
2026,1,1,26,1,1/26/2026 12:00:00 AM,DL,816,14683,SAT,"San Antonio, TX",TX,10721,BOS,"Boston, MA",MA,1225,1308.0,43.0,43.0,1.0,1200-1259,1719,2307.0,,,,1700-1759,0.0,1.0,234.0,,,1764.0,8
2026,1,1,26,1,1/26/2026 12:00:00 AM,F9,2616,13204,MCO,"Orlando, FL",FL,12953,LGA,"New York, NY",NY,846,836.0,-10.0,0.0,0.0,0800-0859,1129,1422.0,,,,1100-1159,0.0,1.0,163.0,,,950.0,4
2026,1,1,26,1,1/26/2026 12:00:00 AM,MQ,3573,11298,DFW,"Dallas/Fort Worth, TX",TX,13158,MAF,"Midland/Odessa, TX",TX,1655,1653.0,-2.0,0.0,0.0,1600-1659,1818,2359.0,,,,1800-1859,0.0,1.0,83.0,,,309.0,2
2026,1,1,26,1,1/26/2026 12:00:00 AM,MQ,3749,13930,ORD,"Chicago, IL",IL,11278,DCA,"Washington, DC",VA,801,931.0,90.0,90.0,1.0,0800-0859,1100,1702.0,,,,1100-1159,0.0,1.0,119.0,,,612.0,3
2026,1,1,26,1,1/26/2026 12:00:00 AM,MQ,3828,11111,COU,"Columbia, MO",MO,11298,DFW,"Dallas/Fort Worth, TX",TX,1249,1533.0,164.0,164.0,1.0,1200-1259,1447,1858.0,,,,1400-1459,0.0,1.0,118.0,,,490.0,2
2026,1,1,26,1,1/26/2026 12:00:00 AM,OH,5031,11996,GSP,"Greer, SC",SC,11278,DCA,"Washington, DC",VA,716,1613.0,537.0,537.0,1.0,0700-0759,900,1212.0,,,,0900-0959,0.0,1.0,104.0,,,396.0,2
2026,1,1,26,1,1/26/2026 12:00:00 AM,OH,5147,14307,PVD,"Providence, RI",RI,11278,DCA,"Washington, DC",VA,600,1622.0,622.0,622.0,1.0,0600-0659,749,,,,,0700-0759,0.0,1.0,109.0,,,356.0,2
2026,1,1,26,1,1/26/2026 12:00:00 AM,OH,5261,11267,DAY,"Dayton, OH",OH,11278,DCA,"Washington, DC",VA,600,1550.0,590.0,590.0,1.0,0600-0659,740,,,,,0700-0759,0.0,1.0,100.0,,,391.0,2
2026,1,1,26,1,1/26/2026 12:00:00 AM,OH,5433,10257,ALB,"Albany, NY",NY,11278,DCA,"Washington, DC",VA,1211,1721.0,1750.0,1750.0,1.0,1200-1259,1359,,,,,1300-1359,0.0,1.0,108.0,,,318.0,2
2026,1,1,26,1,1/26/2026 12:00:00 AM,OH,5444,11433,DTW,"Detroit, MI",MI,11278,DCA,"Washington, DC",VA,600,1525.0,565.0,565.0,1.0,0600-0659,800,1323.0,,,,0800-0859,0.0,1.0,120.0,,,405.0,2
2026,1,1,26,1,1/26/2026 12:00:00 AM,OH,5678,12197,HPN,"White Plains, NY",NY,11278,DCA,"Washington, DC",VA,630,1551.0,561.0,561.0,1.0,0600-0659,758,1441.0,,,,0700-0759,0.0,1.0,88.0,,,234.0,1
2026,1,1,26,1,1/26/2026 12:00:00 AM,OO,4021,10397,ATL,"Atlanta, GA",GA,11146,CRW,"Charleston/Dunbar, WV",WV,1347,1518.0,91.0,91.0,1.0,1300-1359,1509,2131.0,,,,1500-1559,0.0,1.0,82.0,,,363.0,2
2026,1,1,26,1,1/26/2026 12:00:00 AM,OO,6214,14107,PHX,"Phoenix, AZ",AZ,10561,BFL,"Bakersfield, CA",CA,838,833.0,-5.0,0.0,0.0,0800-0859,920,1348.0,,,,0900-0959,0.0,1.0,102.0,,,425.0,2
2026,1,1,26,1,1/26/2026 12:00:00 AM,UA,597,11292,DEN,"Denver, CO",CO,10721,BOS,"Boston, MA",MA,1410,1439.0,29.0,29.0,1.0,1400-1459,2005,407.0,,,,2000-2059,0.0,1.0,235.0,,,1754.0,8
2026,1,1,26,1,1/26/2026 12:00:00 AM,WN,2446,13198,MCI,"Kansas City, MO",MO,11278,DCA,"Washington, DC",VA,750,754.0,4.0,4.0,0.0,0700-0759,1120,,,,,1100-1159,0.0,1.0,150.0,,,949.0,4
2026,1,1,26,1,1/26/2026 12:00:00 AM,WN,3090,15304,TPA,"Tampa, FL",FL,11278,DCA,"Washington, DC",VA,1000,957.0,-3.0,0.0,0.0,1000-1059,1215,1532.0,,,,1200-1259,0.0,1.0,135.0,,,814.0,4
2026,1,1,26,1,1/26/2026 12:00:00 AM,WN,4708,12191,HOU,"Houston, TX",TX,11278,DCA,"Washington, DC",VA,810,841.0,31.0,31.0,1.0,0800-0859,1205,1648.0,,,,1200-1259,0.0,1.0,175.0,,,1218.0,5
2026,1,1,26,1,1/26/2026 12:00:00 AM,WN,964,15016,STL,"St. Louis, MO",MO,11278,DCA,"Washington, DC",VA,825,918.0,53.0,53.0,1.0,0800-0859,1120,1419.0,,,,1100-1159,0.0,1.0,115.0,,,719.0,3
2026,1,1,27,2,1/27/2026 12:00:00 AM,AA,2528,13495,MSY,"New Orleans, LA",LA,11278,DCA,"Washington, DC",VA,1806,2028.0,142.0,142.0,1.0,1800-1859,2130,1222.0,,,,2100-2159,0.0,1.0,144.0,,,969.0,4
2026,1,1,27,2,1/27/2026 12:00:00 AM,AA,3249,11697,FLL,"Fort Lauderdale, FL",FL,11278,DCA,"Washington, DC",VA,1852,2025.0,93.0,93.0,1.0,1800-1859,2119,659.0,,,,2100-2159,0.0,1.0,147.0,,,899.0,4
2026,1,1,27,2,1/27/2026 12:00:00 AM,AA,961,14027,PBI,"West Palm Beach/Palm Beach, FL",FL,11278,DCA,"Washington, DC",VA,2038,2107.0,29.0,29.0,1.0,2000-2059,2300,154.0,,,,2300-2359,0.0,1.0,142.0,,,857.0,4
2026,1,1,27,2,1/27/2026 12:00:00 AM,AA,990,13204,MCO,"Orlando, FL",FL,11278,DCA,"Washington, DC",VA,1503,2134.0,391.0,391.0,1.0,1500-1559,1714,1751.0,,,,1700-1759,0.0,1.0,131.0,,,759.0,4
2026,1,1,27,2,1/27/2026 12:00:00 AM,AS,1396,10423,AUS,"Austin, TX",TX,14057,PDX,"Portland, OR",OR,1739,1731.0,-8.0,0.0,0.0,1700-1759,2009,2104.0,,,,2000-2059,0.0,1.0,270.0,,,1715.0,7
2026,1,1,27,2,1/27/2026 12:00:00 AM,AS,65,12819,KTN,"Ketchikan, AK",AK,15841,WRG,"Wrangell, AK",AK,902,909.0,7.0,7.0,0.0,0900-0959,948,,,,,0900-0959,0.0,1.0,46.0,,,82.0,1
2026,1,1,27,2,1/27/2026 12:00:00 AM,AS,963,12892,LAX,"Los Angeles, CA",CA,12982,LIH,"Lihue, HI",HI,905,904.0,-1.0,0.0,0.0,0900-0959,1315,,,,,1300-1359,0.0,1.0,370.0,,,2615.0,11
2026,1,1,27,2,1/27/2026 12:00:00 AM,DL,1281,10397,ATL,"Atlanta, GA",GA,11624,EYW,"Key West, FL",FL,930,935.0,5.0,5.0,0.0,0900-0959,1125,,,,,1100-1159,0.0,1.0,115.0,,,646.0,3
2026,1,1,27,2,1/27/2026 12:00:00 AM,DL,1472,10397,ATL,"Atlanta, GA",GA,11624,EYW,"Key West, FL",FL,1158,1215.0,17.0,17.0,1.0,1100-1159,1348,1850.0,,,,1300-1359,0.0,1.0,110.0,,,646.0,3
2026,1,1,27,2,1/27/2026 12:00:00 AM,DL,2079,14869,SLC,"Salt Lake City, UT",UT,10821,BWI,"Baltimore, MD",MD,1740,1734.0,-6.0,0.0,0.0,1700-1759,2344,146.0,,,,2300-2359,0.0,1.0,244.0,,,1865.0,8
2026,1,1,27,2,1/27/2026 12:00:00 AM,OH,5061,14685,SAV,"Savannah, GA",GA,11278,DCA,"Washington, DC",VA,1440,1813.0,213.0,213.0,1.0,1400-1459,1629,1449.0,,,,1600-1659,0.0,1.0,109.0,,,519.0,3
2026,1,1,27,2,1/27/2026 12:00:00 AM,OH,5518,11995,GSO,"Greensboro/High Point, NC",NC,11278,DCA,"Washington, DC",VA,1853,2000.0,67.0,67.0,1.0,1800-1859,2018,1413.0,,,,2000-2059,0.0,1.0,85.0,,,248.0,1
2026,1,1,27,2,1/27/2026 12:00:00 AM,OH,5648,10257,ALB,"Albany, NY",NY,11278,DCA,"Washington, DC",VA,1700,1816.0,76.0,76.0,1.0,1700-1759,1853,1644.0,,,,1800-1859,0.0,1.0,113.0,,,318.0,2
2026,1,1,27,2,1/27/2026 12:00:00 AM,OO,4960,14107,PHX,"Phoenix, AZ",AZ,15370,TUL,"Tulsa, OK",OK,950,1723.0,453.0,453.0,1.0,0900-0959,1320,1106.0,,,,1300-1359,0.0,1.0,150.0,,,935.0,4
2026,1,1,27,2,1/27/2026 12:00:00 AM,UA,261,11292,DEN,"Denver, CO",CO,11433,DTW,"Detroit, MI",MI,1010,1007.0,-3.0,0.0,0.0,1000-1059,1508,1922.0,,,,1500-1559,0.0,1.0,178.0,,,1123.0,5
2026,1,1,27,2,1/27/2026 12:00:00 AM,WN,1427,15376,TUS,"Tucson, AZ",AZ,13232,MDW,"Chicago, IL",IL,820,820.0,0.0,0.0,0.0,0800-0859,1230,,,,,1200-1259,0.0,1.0,190.0,,,1440.0,6
2026,1,1,27,2,1/27/2026 12:00:00 AM,WN,2678,11259,DAL,"Dallas, TX",TX,10821,BWI,"Baltimore, MD",MD,600,600.0,0.0,0.0,0.0,0600-0659,945,1101.0,,,,0900-0959,0.0,1.0,165.0,,,1209.0,5
2026,1,1,27,2,1/27/2026 12:00:00 AM,YX,3563,13930,ORD,"Chicago, IL",IL,11278,DCA,"Washington, DC",VA,2058,22.0,204.0,204.0,1.0,2000-2059,2359,,,,,2300-2359,0.0,1.0,121.0,,,612.0,3
2026,1,1,27,2,1/27/2026 12:00:00 AM,YX,3588,11996,GSP,"Greer, SC",SC,13930,ORD,"Chicago, IL",IL,1734,1724.0,-10.0,0.0,0.0,1700-1759,1855,2041.0,,,,1800-1859,0.0,1.0,141.0,,,577.0,3
2026,1,1,27,2,1/27/2026 12:00:00 AM,YX,4541,13930,ORD,"Chicago, IL",IL,11278,DCA,"Washington, DC",VA,1948,1954.0,6.0,6.0,0.0,1900-1959,2255,807.0,,,,2200-2259,0.0,1.0,127.0,,,612.0,3
2026,1,1,27,2,1/27/2026 12:00:00 AM,YX,4651,14576,ROC,"Rochester, NY",NY,11278,DCA,"Washington, DC",VA,1707,1857.0,110.0,110.0,1.0,1700-1759,1844,209.0,,,,1800-1859,0.0,1.0,97.0,,,296.0,2
2026,1,1,28,3,1/28/2026 12:00:00 AM,AA,1355,11298,DFW,"Dallas/Fort Worth, TX",TX,11433,DTW,"Detroit, MI",MI,1259,1514.0,135.0,135.0,1.0,1200-1259,1632,2250.0,,,,1600-1659,0.0,1.0,153.0,,,986.0,4
2026,1,1,28,3,1/28/2026 12:00:00 AM,AS,560,12892,LAX,"Los Angeles, CA",CA,12758,KOA,"Kona, HI",HI,847,840.0,-7.0,0.0,0.0,0800-0859,1231,1543.0,,,,1200-1259,0.0,1.0,344.0,,,2504.0,11
2026,1,1,28,3,1/28/2026 12:00:00 AM,AS,61,12523,JNU,"Juneau, AK",AK,15991,YAK,"Yakutat, AK",AK,935,919.0,-16.0,0.0,0.0,0900-0959,1047,,,,,1000-1059,0.0,1.0,72.0,,,199.0,1
2026,1,1,28,3,1/28/2026 12:00:00 AM,AS,868,12173,HNL,"Honolulu, HI",HI,14869,SLC,"Salt Lake City, UT",UT,2237,2228.0,-9.0,0.0,0.0,2200-2259,755,201.0,,,,0700-0759,0.0,1.0,378.0,,,2994.0,11
2026,1,1,28,3,1/28/2026 12:00:00 AM,DL,1118,11057,CLT,"Charlotte, NC",NC,11433,DTW,"Detroit, MI",MI,1700,1707.0,7.0,7.0,0.0,1700-1759,1853,2258.0,,,,1800-1859,0.0,1.0,113.0,,,500.0,3
2026,1,1,28,3,1/28/2026 12:00:00 AM,DL,1386,10397,ATL,"Atlanta, GA",GA,13303,MIA,"Miami, FL",FL,1530,1532.0,2.0,2.0,0.0,1500-1559,1734,1922.0,,,,1700-1759,0.0,1.0,124.0,,,594.0,3
2026,1,1,28,3,1/28/2026 12:00:00 AM,DL,1408,10397,ATL,"Atlanta, GA",GA,14683,SAT,"San Antonio, TX",TX,1107,1101.0,-6.0,0.0,0.0,1100-1159,1245,1417.0,,,,1200-1259,0.0,1.0,158.0,,,874.0,4
2026,1,1,28,3,1/28/2026 12:00:00 AM,DL,2067,10397,ATL,"Atlanta, GA",GA,11433,DTW,"Detroit, MI",MI,1659,1654.0,-5.0,0.0,0.0,1600-1659,1857,2148.0,,,,1800-1859,0.0,1.0,118.0,,,594.0,3
2026,1,1,28,3,1/28/2026 12:00:00 AM,DL,2858,15304,TPA,"Tampa, FL",FL,11433,DTW,"Detroit, MI",MI,1627,1618.0,-9.0,0.0,0.0,1600-1659,1913,2131.0,,,,1900-1959,0.0,1.0,166.0,,,983.0,4
2026,1,1,28,3,1/28/2026 12:00:00 AM,DL,492,14679,SAN,"San Diego, CA",CA,11433,DTW,"Detroit, MI",MI,1143,1144.0,1.0,1.0,0.0,1100-1159,1908,2134.0,,,,1900-1959,0.0,1.0,265.0,,,1956.0,8
2026,1,1,28,3,1/28/2026 12:00:00 AM,DL,802,12892,LAX,"Los Angeles, CA",CA,11433,DTW,"Detroit, MI",MI,1155,1154.0,-1.0,0.0,0.0,1100-1159,1915,352.0,,,,1900-1959,0.0,1.0,260.0,,,1979.0,8
2026,1,1,28,3,1/28/2026 12:00:00 AM,DL,852,12266,IAH,"Houston, TX",TX,11433,DTW,"Detroit, MI",MI,1503,1452.0,-11.0,0.0,0.0,1500-1559,1848,2132.0,,,,1800-1859,0.0,1.0,165.0,,,1075.0,5
2026,1,1,28,3,1/28/2026 12:00:00 AM,DL,962,13342,MKE,"Milwaukee, WI",WI,11433,DTW,"Detroit, MI",MI,1711,1701.0,-10.0,0.0,0.0,1700-1759,1920,2138.0,,,,1900-1959,0.0,1.0,69.0,,,237.0,1
2026,1,1,28,3,1/28/2026 12:00:00 AM,OO,3758,14307,PVD,"Providence, RI",RI,11433,DTW,"Detroit, MI",MI,1649,1700.0,11.0,11.0,0.0,1600-1659,1914,2333.0,,,,1900-1959,0.0,1.0,145.0,,,615.0,3
2026,1,1,28,3,1/28/2026 12:00:00 AM,OO,3840,13485,MSN,"Madison, WI",WI,11433,DTW,"Detroit, MI",MI,1630,1631.0,1.0,1.0,0.0,1600-1659,1855,2143.0,,,,1800-1859,0.0,1.0,85.0,,,311.0,2
2026,1,1,28,3,1/28/2026 12:00:00 AM,OO,4009,12884,LAN,"Lansing, MI",MI,11433,DTW,"Detroit, MI",MI,1800,1753.0,-7.0,0.0,0.0,1800-1859,1904,2233.0,,,,1900-1959,0.0,1.0,64.0,,,74.0,1
2026,1,1,28,3,1/28/2026 12:00:00 AM,OO,4044,15380,TVC,"Traverse City, MI",MI,11433,DTW,"Detroit, MI",MI,1748,1744.0,-4.0,0.0,0.0,1700-1759,1913,2244.0,,,,1900-1959,0.0,1.0,85.0,,,207.0,1
2026,1,1,28,3,1/28/2026 12:00:00 AM,OO,4893,13930,ORD,"Chicago, IL",IL,11433,DTW,"Detroit, MI",MI,1455,1645.0,110.0,110.0,1.0,1400-1459,1725,2204.0,,,,1700-1759,0.0,1.0,90.0,,,235.0,1
2026,1,1,28,3,1/28/2026 12:00:00 AM,OO,5097,11292,DEN,"Denver, CO",CO,11315,DIK,"Dickinson, ND",ND,2020,2030.0,10.0,10.0,0.0,2000-2059,2216,1512.0,,,,2200-2259,0.0,1.0,116.0,,,488.0,2
2026,1,1,28,3,1/28/2026 12:00:00 AM,OO,6281,13930,ORD,"Chicago, IL",IL,14524,RIC,"Richmond, VA",VA,829,913.0,44.0,44.0,1.0,0800-0859,1138,1714.0,,,,1100-1159,0.0,1.0,129.0,,,642.0,3
2026,1,1,28,3,1/28/2026 12:00:00 AM,UA,2029,14771,SFO,"San Francisco, CA",CA,13303,MIA,"Miami, FL",FL,830,828.0,-2.0,0.0,0.0,0800-0859,1706,2023.0,,,,1700-1759,0.0,1.0,336.0,,,2585.0,11
2026,1,1,28,3,1/28/2026 12:00:00 AM,WN,2136,15016,STL,"St. Louis, MO",MO,14683,SAT,"San Antonio, TX",TX,1025,1024.0,-1.0,0.0,0.0,1000-1059,1250,1412.0,,,,1200-1259,0.0,1.0,145.0,,,786.0,4
2026,1,1,28,3,1/28/2026 12:00:00 AM,YX,5711,12945,LEX,"Lexington, KY",KY,11433,DTW,"Detroit, MI",MI,1735,1725.0,-10.0,0.0,0.0,1700-1759,1904,956.0,,,,1900-1959,0.0,1.0,89.0,,,296.0,2
2026,1,1,29,4,1/29/2026 12:00:00 AM,AA,1879,11057,CLT,"Charlotte, NC",NC,13204,MCO,"Orlando, FL",FL,1920,1919.0,-1.0,0.0,0.0,1900-1959,2109,52.0,,,,2100-2159,0.0,1.0,109.0,,,468.0,2
2026,1,1,29,4,1/29/2026 12:00:00 AM,AA,2722,14100,PHL,"Philadelphia, PA",PA,14679,SAN,"San Diego, CA",CA,820,817.0,-3.0,0.0,0.0,0800-0859,1132,1235.0,,,,1100-1159,0.0,1.0,372.0,,,2370.0,10
2026,1,1,29,4,1/29/2026 12:00:00 AM,DL,453,10397,ATL,"Atlanta, GA",GA,14869,SLC,"Salt Lake City, UT",UT,2115,2143.0,28.0,28.0,1.0,2100-2159,2334,223.0,,,,2300-2359,0.0,1.0,259.0,,,1590.0,7
2026,1,1,29,4,1/29/2026 12:00:00 AM,F9,1473,14100,PHL,"Philadelphia, PA",PA,15304,TPA,"Tampa, FL",FL,1159,1159.0,0.0,0.0,0.0,1100-1159,1454,,,,,1400-1459,0.0,1.0,175.0,,,920.0,4
2026,1,1,29,4,1/29/2026 12:00:00 AM,G4,2674,14112,PIE,"St. Petersburg, FL",FL,12265,IAG,"Niagara Falls, NY",NY,800,751.0,-9.0,0.0,0.0,0800-0859,1042,1356.0,,,,1000-1059,0.0,1.0,162.0,,,1069.0,5
2026,1,1,29,4,1/29/2026 12:00:00 AM,OO,3699,14869,SLC,"Salt Lake City, UT",UT,11884,GEG,"Spokane, WA",WA,800,753.0,-7.0,0.0,0.0,0800-0859,911,1114.0,,,,0900-0959,0.0,1.0,131.0,,,546.0,3
2026,1,1,29,4,1/29/2026 12:00:00 AM,UA,1004,11618,EWR,"Newark, NJ",NJ,12266,IAH,"Houston, TX",TX,1930,2020.0,50.0,50.0,1.0,1900-1959,2246,253.0,,,,2200-2259,0.0,1.0,256.0,,,1400.0,6
2026,1,1,29,4,1/29/2026 12:00:00 AM,UA,1630,13204,MCO,"Orlando, FL",FL,13930,ORD,"Chicago, IL",IL,1500,1451.0,-9.0,0.0,0.0,1500-1559,1708,2204.0,,,,1700-1759,0.0,1.0,188.0,,,1005.0,5
2026,1,1,29,4,1/29/2026 12:00:00 AM,WN,4456,12889,LAS,"Las Vegas, NV",NV,10693,BNA,"Nashville, TN",TN,805,804.0,-1.0,0.0,0.0,0800-0859,1335,1426.0,,,,1300-1359,0.0,1.0,210.0,,,1587.0,7
2026,1,1,30,5,1/30/2026 12:00:00 AM,AA,1178,12892,LAX,"Los Angeles, CA",CA,13930,ORD,"Chicago, IL",IL,850,839.0,-11.0,0.0,0.0,0800-0859,1457,1942.0,,,,1400-1459,0.0,1.0,247.0,,,1744.0,7
2026,1,1,30,5,1/30/2026 12:00:00 AM,AA,1417,14107,PHX,"Phoenix, AZ",AZ,13930,ORD,"Chicago, IL",IL,940,937.0,-3.0,0.0,0.0,0900-0959,1416,1919.0,,,,1400-1459,0.0,1.0,216.0,,,1440.0,6
2026,1,1,30,5,1/30/2026 12:00:00 AM,AA,1995,11503,EGE,"Eagle, CO",CO,13930,ORD,"Chicago, IL",IL,1057,1054.0,-3.0,0.0,0.0,1000-1059,1447,1932.0,,,,1400-1459,0.0,1.0,170.0,,,1007.0,5
2026,1,1,30,5,1/30/2026 12:00:00 AM,AA,2012,13303,MIA,"Miami, FL",FL,11292,DEN,"Denver, CO",CO,2105,2142.0,37.0,37.0,1.0,2100-2159,2354,908.0,,,,2300-2359,0.0,1.0,289.0,,,1709.0,7
2026,1,1,30,5,1/30/2026 12:00:00 AM,AA,2590,14908,SNA,"Santa Ana, CA",CA,13930,ORD,"Chicago, IL",IL,805,758.0,-7.0,0.0,0.0,0800-0859,1411,1941.0,,,,1400-1459,0.0,1.0,246.0,,,1726.0,7
2026,1,1,30,5,1/30/2026 12:00:00 AM,AA,3281,14100,PHL,"Philadelphia, PA",PA,15304,TPA,"Tampa, FL",FL,1055,1047.0,-8.0,0.0,0.0,1000-1059,1359,1636.0,,,,1300-1359,0.0,1.0,184.0,,,920.0,4
2026,1,1,30,5,1/30/2026 12:00:00 AM,AA,3312,12889,LAS,"Las Vegas, NV",NV,13930,ORD,"Chicago, IL",IL,1036,1027.0,-9.0,0.0,0.0,1000-1059,1618,1959.0,,,,1600-1659,0.0,1.0,222.0,,,1514.0,7
2026,1,1,30,5,1/30/2026 12:00:00 AM,AS,1495,14679,SAN,"San Diego, CA",CA,13930,ORD,"Chicago, IL",IL,800,752.0,-8.0,0.0,0.0,0800-0859,1429,1921.0,,,,1400-1459,0.0,1.0,269.0,,,1723.0,7
2026,1,1,30,5,1/30/2026 12:00:00 AM,AS,265,14747,SEA,"Seattle, WA",WA,13930,ORD,"Chicago, IL",IL,830,828.0,-2.0,0.0,0.0,0800-0859,1438,,,,,1400-1459,0.0,1.0,248.0,,,1721.0,7
2026,1,1,30,5,1/30/2026 12:00:00 AM,AS,410,14747,SEA,"Seattle, WA",WA,13930,ORD,"Chicago, IL",IL,1100,1113.0,13.0,13.0,0.0,1100-1159,1710,,,,,1700-1759,0.0,1.0,250.0,,,1721.0,7
2026,1,1,30,5,1/30/2026 12:00:00 AM,DL,2412,12953,LGA,"New York, NY",NY,14986,SRQ,"Sarasota/Bradenton, FL",FL,705,706.0,1.0,1.0,0.0,0700-0759,1031,1235.0,,,,1000-1059,0.0,1.0,206.0,,,1047.0,5
2026,1,1,30,5,1/30/2026 12:00:00 AM,F9,2800,10423,AUS,"Austin, TX",TX,13930,ORD,"Chicago, IL",IL,1224,1217.0,-7.0,0.0,0.0,1200-1259,1510,1931.0,,,,1500-1559,0.0,1.0,166.0,,,977.0,4
2026,1,1,30,5,1/30/2026 12:00:00 AM,G4,877,14082,PGD,"Punta Gorda, FL",FL,12265,IAG,"Niagara Falls, NY",NY,740,730.0,-10.0,0.0,0.0,0700-0759,1033,1219.0,,,,1000-1059,0.0,1.0,173.0,,,1129.0,5
2026,1,1,30,5,1/30/2026 12:00:00 AM,MQ,3346,13871,OMA,"Omaha, NE",NE,13930,ORD,"Chicago, IL",IL,1203,1243.0,40.0,40.0,1.0,1200-1259,1347,1856.0,,,,1300-1359,0.0,1.0,104.0,,,416.0,2
2026,1,1,30,5,1/30/2026 12:00:00 AM,MQ,3469,11423,DSM,"Des Moines, IA",IA,13930,ORD,"Chicago, IL",IL,1142,1205.0,23.0,23.0,1.0,1100-1159,1318,2106.0,,,,1300-1359,0.0,1.0,96.0,,,299.0,2
2026,1,1,30,5,1/30/2026 12:00:00 AM,MQ,3483,12339,IND,"Indianapolis, IN",IN,13930,ORD,"Chicago, IL",IL,1217,1303.0,46.0,46.0,1.0,1200-1259,1235,1801.0,,,,1200-1259,0.0,1.0,78.0,,,177.0,1
2026,1,1,30,5,1/30/2026 12:00:00 AM,MQ,3528,10994,CHS,"Charleston, SC",SC,13930,ORD,"Chicago, IL",IL,1237,1252.0,15.0,15.0,1.0,1200-1259,1412,1953.0,,,,1400-1459,0.0,1.0,155.0,,,760.0,4
2026,1,1,30,5,1/30/2026 12:00:00 AM,MQ,3612,14492,RDU,"Raleigh/Durham, NC",NC,13930,ORD,"Chicago, IL",IL,1251,1252.0,1.0,1.0,0.0,1200-1259,1420,2219.0,,,,1400-1459,0.0,1.0,149.0,,,646.0,3
2026,1,1,30,5,1/30/2026 12:00:00 AM,MQ,4037,14986,SRQ,"Sarasota/Bradenton, FL",FL,13930,ORD,"Chicago, IL",IL,1256,1307.0,11.0,11.0,0.0,1200-1259,1505,2025.0,,,,1500-1559,0.0,1.0,189.0,,,1050.0,5
2026,1,1,30,5,1/30/2026 12:00:00 AM,MQ,4196,14633,RST,"Rochester, MN",MN,13930,ORD,"Chicago, IL",IL,1136,1258.0,82.0,82.0,1.0,1100-1159,1302,2227.0,,,,1300-1359,0.0,1.0,86.0,,,268.0,2
2026,1,1,30,5,1/30/2026 12:00:00 AM,MQ,4201,13495,MSY,"New Orleans, LA",LA,13930,ORD,"Chicago, IL",IL,1146,1204.0,18.0,18.0,1.0,1100-1159,1420,2104.0,,,,1400-1459,0.0,1.0,154.0,,,837.0,4
2026,1,1,30,5,1/30/2026 12:00:00 AM,NK,2212,11697,FLL,"Fort Lauderdale, FL",FL,11433,DTW,"Detroit, MI",MI,1935,1934.0,-1.0,0.0,0.0,1900-1959,2244,132.0,,,,2200-2259,0.0,1.0,189.0,,,1127.0,5
2026,1,1,30,5,1/30/2026 12:00:00 AM,OH,5164,11267,DAY,"Dayton, OH",OH,13930,ORD,"Chicago, IL",IL,1333,1332.0,-1.0,0.0,0.0,1300-1359,1402,2021.0,,,,1400-1459,0.0,1.0,89.0,,,240.0,1
2026,1,1,30,5,1/30/2026 12:00:00 AM,OO,3302,14679,SAN,"San Diego, CA",CA,15023,STS,"Santa Rosa, CA",CA,2114,2107.0,-7.0,0.0,0.0,2100-2159,2311,,,,,2300-2359,0.0,1.0,117.0,,,508.0,3
2026,1,1,30,5,1/30/2026 12:00:00 AM,OO,3348,12892,LAX,"Los Angeles, CA",CA,15023,STS,"Santa Rosa, CA",CA,2116,2110.0,-6.0,0.0,0.0,2100-2159,2258,,,,,2200-2259,0.0,1.0,102.0,,,399.0,2
2026,1,1,30,5,1/30/2026 12:00:00 AM,OO,4632,10135,ABE,"Allentown/Bethlehem/Easton, PA",PA,13930,ORD,"Chicago, IL",IL,1130,1150.0,20.0,20.0,1.0,1100-1159,1313,2111.0,,,,1300-1359,0.0,1.0,163.0,,,654.0,3
2026,1,1,30,5,1/30/2026 12:00:00 AM,OO,4744,14252,PSC,"Pasco/Kennewick/Richland, WA",WA,14771,SFO,"San Francisco, CA",CA,600,551.0,-9.0,0.0,0.0,0600-0659,836,1759.0,,,,0800-0859,0.0,1.0,156.0,,,620.0,3
2026,1,1,30,5,1/30/2026 12:00:00 AM,OO,4752,10874,CAK,"Akron, OH",OH,13930,ORD,"Chicago, IL",IL,1402,1356.0,-6.0,0.0,0.0,1400-1459,1455,1918.0,,,,1400-1459,0.0,1.0,113.0,,,344.0,2
2026,1,1,30,5,1/30/2026 12:00:00 AM,OO,4754,11109,COS,"Colorado Springs, CO",CO,13930,ORD,"Chicago, IL",IL,1143,1138.0,-5.0,0.0,0.0,1100-1159,1535,2159.0,,,,1500-1559,0.0,1.0,172.0,,,911.0,4
2026,1,1,30,5,1/30/2026 12:00:00 AM,OO,4761,11292,DEN,"Denver, CO",CO,11109,COS,"Colorado Springs, CO",CO,2005,2146.0,101.0,101.0,1.0,2000-2059,2106,1218.0,,,,2100-2159,0.0,1.0,61.0,,,73.0,1
2026,1,1,30,5,1/30/2026 12:00:00 AM,OO,5071,15048,SUX,"Sioux City, IA",IA,13930,ORD,"Chicago, IL",IL,1245,1234.0,-11.0,0.0,0.0,1200-1259,1440,2158.0,,,,1400-1459,0.0,1.0,115.0,,,436.0,2
2026,1,1,30,5,1/30/2026 12:00:00 AM,OO,5424,12278,ICT,"Wichita, KS",KS,13930,ORD,"Chicago, IL",IL,1305,1302.0,-3.0,0.0,0.0,1300-1359,1511,1924.0,,,,1500-1559,0.0,1.0,126.0,,,588.0,3
2026,1,1,30,5,1/30/2026 12:00:00 AM,OO,5745,13851,OKC,"Oklahoma City, OK",OK,13930,ORD,"Chicago, IL",IL,1237,1314.0,37.0,37.0,1.0,1200-1259,1455,1925.0,,,,1400-1459,0.0,1.0,138.0,,,693.0,3
2026,1,1,30,5,1/30/2026 12:00:00 AM,OO,5912,13029,LNK,"Lincoln, NE",NE,13930,ORD,"Chicago, IL",IL,1135,1303.0,88.0,88.0,1.0,1100-1159,1335,1955.0,,,,1300-1359,0.0,1.0,120.0,,,466.0,2
2026,1,1,30,5,1/30/2026 12:00:00 AM,OO,6211,11775,FSD,"Sioux Falls, SD",SD,13930,ORD,"Chicago, IL",IL,600,1245.0,405.0,405.0,1.0,0600-0659,805,2003.0,,,,0800-0859,0.0,1.0,125.0,,,462.0,2
2026,1,1,30,5,1/30/2026 12:00:00 AM,OO,6281,14524,RIC,"Richmond, VA",VA,13930,ORD,"Chicago, IL",IL,1225,1319.0,54.0,54.0,1.0,1200-1259,1400,1956.0,,,,1400-1459,0.0,1.0,155.0,,,642.0,3
2026,1,1,30,5,1/30/2026 12:00:00 AM,UA,1332,14683,SAT,"San Antonio, TX",TX,13930,ORD,"Chicago, IL",IL,700,653.0,-7.0,0.0,0.0,0700-0759,951,1321.0,,,,0900-0959,0.0,1.0,171.0,,,1041.0,5
2026,1,1,30,5,1/30/2026 12:00:00 AM,UA,1528,12266,IAH,"Houston, TX",TX,13930,ORD,"Chicago, IL",IL,1155,1150.0,-5.0,0.0,0.0,1100-1159,1440,1920.0,,,,1400-1459,0.0,1.0,165.0,,,925.0,4
2026,1,1,30,5,1/30/2026 12:00:00 AM,UA,1630,13204,MCO,"Orlando, FL",FL,13930,ORD,"Chicago, IL",IL,1500,1528.0,28.0,28.0,1.0,1500-1559,1708,,,,,1700-1759,0.0,1.0,188.0,,,1005.0,5
2026,1,1,30,5,1/30/2026 12:00:00 AM,UA,1692,11278,DCA,"Washington, DC",VA,13930,ORD,"Chicago, IL",IL,1300,1252.0,-8.0,0.0,0.0,1300-1359,1416,1831.0,,,,1400-1459,0.0,1.0,136.0,,,612.0,3
2026,1,1,30,5,1/30/2026 12:00:00 AM,UA,1755,11697,FLL,"Fort Lauderdale, FL",FL,13930,ORD,"Chicago, IL",IL,1227,1222.0,-5.0,0.0,0.0,1200-1259,1455,1813.0,,,,1400-1459,0.0,1.0,208.0,,,1182.0,5
2026,1,1,30,5,1/30/2026 12:00:00 AM,UA,1920,14492,RDU,"Raleigh/Durham, NC",NC,13930,ORD,"Chicago, IL",IL,1329,1336.0,7.0,7.0,0.0,1300-1359,1455,1908.0,,,,1400-1459,0.0,1.0,146.0,,,646.0,3
2026,1,1,30,5,1/30/2026 12:00:00 AM,UA,1946,12892,LAX,"Los Angeles, CA",CA,13930,ORD,"Chicago, IL",IL,833,827.0,-6.0,0.0,0.0,0800-0859,1450,1911.0,,,,1400-1459,0.0,1.0,257.0,,,1744.0,7
2026,1,1,30,5,1/30/2026 12:00:00 AM,UA,1954,14771,SFO,"San Francisco, CA",CA,13930,ORD,"Chicago, IL",IL,825,828.0,3.0,3.0,0.0,0800-0859,1453,1920.0,,,,1400-1459,0.0,1.0,268.0,,,1846.0,8
2026,1,1,30,5,1/30/2026 12:00:00 AM,UA,1983,13303,MIA,"Miami, FL",FL,13930,ORD,"Chicago, IL",IL,1218,1220.0,2.0,2.0,0.0,1200-1259,1455,,,,,1400-1459,0.0,1.0,217.0,,,1197.0,5
2026,1,1,30,5,1/30/2026 12:00:00 AM,UA,2343,14679,SAN,"San Diego, CA",CA,13930,ORD,"Chicago, IL",IL,700,656.0,-4.0,0.0,0.0,0700-0759,1313,1950.0,,,,1300-1359,0.0,1.0,253.0,,,1723.0,7
2026,1,1,30,5,1/30/2026 12:00:00 AM,UA,2362,14908,SNA,"Santa Ana, CA",CA,13930,ORD,"Chicago, IL",IL,1051,1050.0,-1.0,0.0,0.0,1000-1059,1700,1916.0,,,,1700-1759,0.0,1.0,249.0,,,1726.0,7
2026,1,1,30,5,1/30/2026 12:00:00 AM,UA,2475,13204,MCO,"Orlando, FL",FL,13930,ORD,"Chicago, IL",IL,1230,1237.0,7.0,7.0,0.0,1200-1259,1439,422.0,,,,1400-1459,0.0,1.0,189.0,,,1005.0,5
2026,1,1,30,5,1/30/2026 12:00:00 AM,UA,2494,14635,RSW,"Fort Myers, FL",FL,13930,ORD,"Chicago, IL",IL,1230,1218.0,-12.0,0.0,0.0,1200-1259,1454,1913.0,,,,1400-1459,0.0,1.0,204.0,,,1120.0,5
2026,1,1,30,5,1/30/2026 12:00:00 AM,UA,2865,11292,DEN,"Denver, CO",CO,13930,ORD,"Chicago, IL",IL,1120,1118.0,-2.0,0.0,0.0,1100-1159,1455,1851.0,,,,1400-1459,0.0,1.0,155.0,,,888.0,4
2026,1,1,30,5,1/30/2026 12:00:00 AM,UA,291,13204,MCO,"Orlando, FL",FL,13930,ORD,"Chicago, IL",IL,1407,1434.0,27.0,27.0,1.0,1400-1459,1616,2012.0,,,,1600-1659,0.0,1.0,189.0,,,1005.0,5
2026,1,1,30,5,1/30/2026 12:00:00 AM,UA,636,12094,HDN,"Hayden, CO",CO,13930,ORD,"Chicago, IL",IL,1201,1202.0,1.0,1.0,0.0,1200-1259,1602,2233.0,,,,1600-1659,0.0,1.0,181.0,,,1009.0,5
2026,1,1,30,5,1/30/2026 12:00:00 AM,UA,745,10397,ATL,"Atlanta, GA",GA,13930,ORD,"Chicago, IL",IL,1315,1409.0,54.0,54.0,1.0,1300-1359,1430,1922.0,,,,1400-1459,0.0,1.0,135.0,,,606.0,3
2026,1,1,30,5,1/30/2026 12:00:00 AM,WN,1475,14107,PHX,"Phoenix, AZ",AZ,13930,ORD,"Chicago, IL",IL,905,900.0,-5.0,0.0,0.0,0900-0959,1330,2211.0,,,,1300-1359,0.0,1.0,205.0,,,1440.0,6
2026,1,1,30,5,1/30/2026 12:00:00 AM,WN,1994,12339,IND,"Indianapolis, IN",IN,12889,LAS,"Las Vegas, NV",NV,650,648.0,-2.0,0.0,0.0,0600-0659,815,957.0,,,,0800-0859,0.0,1.0,265.0,,,1590.0,7
2026,1,1,30,5,1/30/2026 12:00:00 AM,WN,2907,13871,OMA,"Omaha, NE",NE,12889,LAS,"Las Vegas, NV",NV,630,631.0,1.0,1.0,0.0,0600-0659,740,826.0,,,,0700-0759,0.0,1.0,190.0,,,1099.0,5
2026,1,1,30,5,1/30/2026 12:00:00 AM,WN,2991,13851,OKC,"Oklahoma City, OK",OK,13232,MDW,"Chicago, IL",IL,1010,1009.0,-1.0,0.0,0.0,1000-1059,1205,1421.0,,,,1200-1259,0.0,1.0,115.0,,,691.0,3
2026,1,1,30,5,1/30/2026 12:00:00 AM,WN,3885,15304,TPA,"Tampa, FL",FL,13930,ORD,"Chicago, IL",IL,1240,1326.0,46.0,46.0,1.0,1200-1259,1445,2030.0,,,,1400-1459,0.0,1.0,185.0,,,1012.0,5
2026,1,1,30,5,1/30/2026 12:00:00 AM,WN,4203,12889,LAS,"Las Vegas, NV",NV,13930,ORD,"Chicago, IL",IL,945,1012.0,27.0,27.0,1.0,0900-0959,1525,1844.0,,,,1500-1559,0.0,1.0,220.0,,,1514.0,7
2026,1,1,30,5,1/30/2026 12:00:00 AM,WN,4448,15304,TPA,"Tampa, FL",FL,13232,MDW,"Chicago, IL",IL,1645,1656.0,11.0,11.0,0.0,1600-1659,1835,2049.0,,,,1800-1859,0.0,1.0,170.0,,,997.0,4
2026,1,1,30,5,1/30/2026 12:00:00 AM,YX,3416,10994,CHS,"Charleston, SC",SC,13930,ORD,"Chicago, IL",IL,1313,1311.0,-2.0,0.0,0.0,1300-1359,1453,1941.0,,,,1400-1459,0.0,1.0,160.0,,,760.0,4
2026,1,1,30,5,1/30/2026 12:00:00 AM,YX,4508,12478,JFK,"New York, NY",NY,11278,DCA,"Washington, DC",VA,1716,1920.0,124.0,124.0,1.0,1700-1759,1854,28.0,,,,1800-1859,0.0,1.0,98.0,,,213.0,1
2026,1,1,30,5,1/30/2026 12:00:00 AM,YX,4516,10529,BDL,"Hartford, CT",CT,13930,ORD,"Chicago, IL",IL,1216,1358.0,102.0,102.0,1.0,1200-1259,1415,2014.0,,,,1400-1459,0.0,1.0,179.0,,,783.0,4
2026,1,1,30,5,1/30/2026 12:00:00 AM,YX,4768,10721,BOS,"Boston, MA",MA,13930,ORD,"Chicago, IL",IL,1255,1312.0,17.0,17.0,1.0,1200-1259,1513,2008.0,,,,1500-1559,0.0,1.0,198.0,,,867.0,4
2026,1,1,30,5,1/30/2026 12:00:00 AM,YX,5773,11278,DCA,"Washington, DC",VA,12953,LGA,"New York, NY",NY,600,825.0,145.0,145.0,1.0,0600-0659,715,958.0,,,,0700-0759,0.0,1.0,75.0,,,214.0,1
2026,1,1,31,6,1/31/2026 12:00:00 AM,AA,177,12478,JFK,"New York, NY",NY,14771,SFO,"San Francisco, CA",CA,2100,2055.0,-5.0,0.0,0.0,2100-2159,47,233.0,,,,0001-0559,0.0,1.0,407.0,,,2586.0,11
2026,1,1,31,6,1/31/2026 12:00:00 AM,AA,1927,12889,LAS,"Las Vegas, NV",NV,11057,CLT,"Charlotte, NC",NC,600,729.0,89.0,89.0,1.0,0600-0659,1313,1207.0,,,,1300-1359,0.0,1.0,253.0,,,1916.0,8
2026,1,1,31,6,1/31/2026 12:00:00 AM,AA,1944,11278,DCA,"Washington, DC",VA,13930,ORD,"Chicago, IL",IL,1159,1151.0,-8.0,0.0,0.0,1100-1159,1316,1522.0,,,,1300-1359,0.0,1.0,137.0,,,612.0,3
2026,1,1,31,6,1/31/2026 12:00:00 AM,AA,2052,13487,MSP,"Minneapolis, MN",MN,11057,CLT,"Charlotte, NC",NC,743,737.0,-6.0,0.0,0.0,0700-0759,1132,,,,,1100-1159,0.0,1.0,169.0,,,930.0,4
2026,1,1,31,6,1/31/2026 12:00:00 AM,AA,2084,13204,MCO,"Orlando, FL",FL,14100,PHL,"Philadelphia, PA",PA,1144,1203.0,19.0,19.0,1.0,1100-1159,1410,1.0,,,,1400-1459,0.0,1.0,146.0,,,862.0,4
2026,1,1,31,6,1/31/2026 12:00:00 AM,AA,2570,11278,DCA,"Washington, DC",VA,11624,EYW,"Key West, FL",FL,745,741.0,-4.0,0.0,0.0,0700-0759,1053,,,,,1000-1059,0.0,1.0,188.0,,,1023.0,5
2026,1,1,31,6,1/31/2026 12:00:00 AM,AA,913,13871,OMA,"Omaha, NE",NE,11298,DFW,"Dallas/Fort Worth, TX",TX,1740,1738.0,-2.0,0.0,0.0,1700-1759,1954,1751.0,,,,1900-1959,0.0,1.0,134.0,,,583.0,3
2026,1,1,31,6,1/31/2026 12:00:00 AM,AS,64,14256,PSG,"Petersburg, AK",AK,15841,WRG,"Wrangell, AK",AK,1510,2048.0,338.0,338.0,1.0,1500-1559,1537,,,,,1500-1559,0.0,1.0,27.0,,,31.0,1
2026,1,1,31,6,1/31/2026 12:00:00 AM,AS,65,14256,PSG,"Petersburg, AK",AK,12523,JNU,"Juneau, AK",AK,1146,1418.0,152.0,152.0,1.0,1100-1159,1232,,,,,1200-1259,0.0,1.0,46.0,,,123.0,1
2026,1,1,31,6,1/31/2026 12:00:00 AM,AS,71,14747,SEA,"Seattle, WA",WA,12523,JNU,"Juneau, AK",AK,1135,1848.0,433.0,433.0,1.0,1100-1159,1324,2007.0,,,,1300-1359,0.0,1.0,169.0,,,909.0,4
2026,1,1,31,6,1/31/2026 12:00:00 AM,B6,451,10721,BOS,"Boston, MA",MA,13204,MCO,"Orlando, FL",FL,1800,1754.0,-6.0,0.0,0.0,1800-1859,2127,2321.0,,,,2100-2159,0.0,1.0,207.0,,,1121.0,5
2026,1,1,31,6,1/31/2026 12:00:00 AM,DL,1381,10994,CHS,"Charleston, SC",SC,10397,ATL,"Atlanta, GA",GA,1718,1749.0,31.0,31.0,1.0,1700-1759,1841,2202.0,,,,1800-1859,0.0,1.0,83.0,,,259.0,2
2026,1,1,31,6,1/31/2026 12:00:00 AM,DL,1946,14843,SJU,"San Juan, PR",PR,10397,ATL,"Atlanta, GA",GA,1830,2149.0,199.0,199.0,1.0,1800-1859,2145,242.0,,,,2100-2159,0.0,1.0,255.0,,,1547.0,7
2026,1,1,31,6,1/31/2026 12:00:00 AM,DL,1950,15024,STT,"Charlotte Amalie, VI",VI,12478,JFK,"New York, NY",NY,1730,2009.0,159.0,159.0,1.0,1700-1759,2053,128.0,,,,2000-2059,0.0,1.0,263.0,,,1623.0,7
2026,1,1,31,6,1/31/2026 12:00:00 AM,DL,662,14057,PDX,"Portland, OR",OR,10397,ATL,"Atlanta, GA",GA,650,643.0,-7.0,0.0,0.0,0600-0659,1428,1821.0,,,,1400-1459,0.0,1.0,278.0,,,2172.0,9
2026,1,1,31,6,1/31/2026 12:00:00 AM,DL,705,14869,SLC,"Salt Lake City, UT",UT,12478,JFK,"New York, NY",NY,2350,2400.0,10.0,10.0,0.0,2300-2359,625,1400.0,,,,0600-0659,0.0,1.0,275.0,,,1990.0,8
2026,1,1,31,6,1/31/2026 12:00:00 AM,F9,2081,14843,SJU,"San Juan, PR",PR,10397,ATL,"Atlanta, GA",GA,1149,1137.0,-12.0,0.0,0.0,1100-1159,1459,1753.0,,,,1400-1459,0.0,1.0,250.0,,,1547.0,7
2026,1,1,31,6,1/31/2026 12:00:00 AM,MQ,3988,13303,MIA,"Miami, FL",FL,11624,EYW,"Key West, FL",FL,2253,2311.0,18.0,18.0,1.0,2200-2259,2356,754.0,,,,2300-2359,0.0,1.0,63.0,,,126.0,1
2026,1,1,31,6,1/31/2026 12:00:00 AM,NK,1683,11697,FLL,"Fort Lauderdale, FL",FL,14122,PIT,"Pittsburgh, PA",PA,700,653.0,-7.0,0.0,0.0,0700-0759,940,1221.0,,,,0900-0959,0.0,1.0,160.0,,,994.0,4
2026,1,1,31,6,1/31/2026 12:00:00 AM,OO,3830,14747,SEA,"Seattle, WA",WA,11884,GEG,"Spokane, WA",WA,721,716.0,-5.0,0.0,0.0,0700-0759,840,1041.0,,,,0800-0859,0.0,1.0,79.0,,,224.0,1
2026,1,1,31,6,1/31/2026 12:00:00 AM,OO,5439,13930,ORD,"Chicago, IL",IL,11146,CRW,"Charleston/Dunbar, WV",WV,1417,1521.0,64.0,64.0,1.0,1400-1459,1702,1957.0,,,,1700-1759,0.0,1.0,105.0,,,416.0,2
2026,1,1,31,6,1/31/2026 12:00:00 AM,OO,6214,14107,PHX,"Phoenix, AZ",AZ,10561,BFL,"Bakersfield, CA",CA,838,834.0,-4.0,0.0,0.0,0800-0859,920,1449.0,,,,0900-0959,0.0,1.0,102.0,,,425.0,2
2026,1,1,31,6,1/31/2026 12:00:00 AM,OO,6448,11298,DFW,"Dallas/Fort Worth, TX",TX,14696,SBN,"South Bend, IN",IN,1309,1306.0,-3.0,0.0,0.0,1300-1359,1637,2005.0,,,,1600-1659,0.0,1.0,148.0,,,846.0,4
2026,1,1,31,6,1/31/2026 12:00:00 AM,UA,2463,12264,IAD,"Washington, DC",VA,13204,MCO,"Orlando, FL",FL,1715,1715.0,0.0,0.0,0.0,1700-1759,1944,2335.0,,,,1900-1959,0.0,1.0,149.0,,,758.0,4
2026,1,1,31,6,1/31/2026 12:00:00 AM,UA,2619,14771,SFO,"San Francisco, CA",CA,13204,MCO,"Orlando, FL",FL,1340,1336.0,-4.0,0.0,0.0,1300-1359,2158,129.0,,,,2100-2159,0.0,1.0,318.0,,,2446.0,10
2026,1,1,31,6,1/31/2026 12:00:00 AM,WN,3799,15016,STL,"St. Louis, MO",MO,13204,MCO,"Orlando, FL",FL,1445,1613.0,88.0,88.0,1.0,1400-1459,1805,2201.0,,,,1800-1859,0.0,1.0,140.0,,,882.0,4
2026,1,1,31,6,1/31/2026 12:00:00 AM,YX,4370,10693,BNA,"Nashville, TN",TN,12953,LGA,"New York, NY",NY,603,632.0,29.0,29.0,1.0,0600-0659,929,1640.0,,,,0900-0959,0.0,1.0,146.0,,,764.0,4
2026,1,1,31,6,1/31/2026 12:00:00 AM,YX,4757,13303,MIA,"Miami, FL",FL,11624,EYW,"Key West, FL",FL,1203,1222.0,19.0,19.0,1.0,1200-1259,1321,1606.0,,,,1300-1359,0.0,1.0,78.0,,,126.0,1
